-- phpMyAdmin SQL Dump
-- version 2.6.4-pl3
-- http://www.phpmyadmin.net
-- 
-- Host: db1530.perfora.net
-- Generation Time: Nov 23, 2008 at 02:49 PM
-- Server version: 5.0.51
-- PHP Version: 4.3.10-200.schlund.1
-- 
-- Database: `db248802449`
-- 

-- --------------------------------------------------------

-- 
-- Table structure for table `GENRE`
-- 

CREATE TABLE `GENRE` (
  `GenreID` int(11) NOT NULL auto_increment,
  `Name` varchar(255) collate latin1_german2_ci NOT NULL,
  `Value` bigint(19) unsigned NOT NULL,
  `Canonical` int(1) NOT NULL,
  PRIMARY KEY  (`GenreID`)
) ENGINE=MyISAM AUTO_INCREMENT=35 DEFAULT CHARSET=latin1 COLLATE=latin1_german2_ci AUTO_INCREMENT=35 ;

-- 
-- Dumping data for table `GENRE`
-- 

INSERT INTO `GENRE` VALUES (1, 'Action', 1, 1);
INSERT INTO `GENRE` VALUES (2, 'All-Star', 2, 1);
INSERT INTO `GENRE` VALUES (3, 'Animated', 4, 1);
INSERT INTO `GENRE` VALUES (4, 'Classic', 8, 1);
INSERT INTO `GENRE` VALUES (5, 'Comedy', 16, 1);
INSERT INTO `GENRE` VALUES (6, 'Crime', 32, 0);
INSERT INTO `GENRE` VALUES (7, 'Drama', 64, 1);
INSERT INTO `GENRE` VALUES (8, 'Fantasy', 128, 1);
INSERT INTO `GENRE` VALUES (9, 'Foreign', 256, 0);
INSERT INTO `GENRE` VALUES (10, 'Historical', 512, 0);
INSERT INTO `GENRE` VALUES (11, 'Horror', 1024, 1);
INSERT INTO `GENRE` VALUES (12, 'Musical', 2048, 0);
INSERT INTO `GENRE` VALUES (13, 'Sci-Fi', 4096, 0);
INSERT INTO `GENRE` VALUES (14, 'Sports', 8192, 0);
INSERT INTO `GENRE` VALUES (15, 'Thriller', 16384, 0);
INSERT INTO `GENRE` VALUES (16, 'War', 32768, 0);
INSERT INTO `GENRE` VALUES (17, 'Weird', 65536, 0);
INSERT INTO `GENRE` VALUES (18, 'Western', 131072, 0);
INSERT INTO `GENRE` VALUES (19, 'Opener', 262144, 0);
INSERT INTO `GENRE` VALUES (20, 'Primetime', 524288, 0);
INSERT INTO `GENRE` VALUES (21, 'Sleeper', 1048576, 0);
INSERT INTO `GENRE` VALUES (22, 'Schmidt', 2097152, 0);
INSERT INTO `GENRE` VALUES (23, 'Superhero', 4194304, 0);
INSERT INTO `GENRE` VALUES (24, 'Hat', 8388608, 0);
INSERT INTO `GENRE` VALUES (25, 'Mystery', 16777216, 0);
INSERT INTO `GENRE` VALUES (26, 'Indie', 33554432, 0);
INSERT INTO `GENRE` VALUES (27, 'Spy', 67108864, 0);
INSERT INTO `GENRE` VALUES (28, 'Closer', 134217728, 0);
INSERT INTO `GENRE` VALUES (29, 'Wake-Up', 268435456, 0);
INSERT INTO `GENRE` VALUES (30, 'Martial-Arts', 536870912, 0);
INSERT INTO `GENRE` VALUES (31, 'Adventure', 1073741824, 0);
INSERT INTO `GENRE` VALUES (34, 'Oscar-Winner', 0, 0);

-- --------------------------------------------------------

-- 
-- Table structure for table `MOVIE`
-- 

CREATE TABLE `MOVIE` (
  `MovieID` int(11) NOT NULL auto_increment,
  `Title` varchar(255) collate latin1_german2_ci NOT NULL,
  `RunTime` smallint(6) NOT NULL,
  `Genre` int(11) NOT NULL,
  `TrailerLink` varchar(255) collate latin1_german2_ci NOT NULL,
  `IMDBLink` varchar(255) collate latin1_german2_ci NOT NULL,
  `Freshness` tinyint(3) NOT NULL,
  `Image` varchar(255) collate latin1_german2_ci NOT NULL,
  PRIMARY KEY  (`MovieID`)
) ENGINE=MyISAM AUTO_INCREMENT=68 DEFAULT CHARSET=latin1 COLLATE=latin1_german2_ci AUTO_INCREMENT=68 ;

-- 
-- Dumping data for table `MOVIE`
-- 

INSERT INTO `MOVIE` VALUES (1, 'WALL-E', 103, 1074270356, 'http://www.apple.com/trailers/disney/walle', 'http://www.imdb.com/title/tt0910970', 96, 'http://upload.wikimedia.org/wikipedia/en/c/c2/WALL-Eposter.jpg');
INSERT INTO `MOVIE` VALUES (2, 'Wanted', 110, 16387, 'http://www.apple.com/trailers/universal/wanted', 'http://www.imdb.com/title/tt0493464', 73, 'http://upload.wikimedia.org/wikipedia/en/9/98/Wanted_film_poster.jpg');
INSERT INTO `MOVIE` VALUES (3, 'The Dark Knight', 152, 4980771, 'http://www.apple.com/trailers/wb/thedarkknight', 'http://www.imdb.com/title/tt0468569', 94, 'http://upload.wikimedia.org/wikipedia/en/8/8a/Dark_Knight.jpg');
INSERT INTO `MOVIE` VALUES (5, 'Tropic Thunder', 107, 2654225, 'http://www.apple.com/trailers/paramount/tropicthunder/', 'http://www.imdb.com/title/tt0942385/', 83, 'http://upload.wikimedia.org/wikipedia/en/d/d6/Tropic_thunder_ver3.jpg');
INSERT INTO `MOVIE` VALUES (6, 'Iron Man', 126, 4980739, 'http://www.apple.com/trailers/paramount/ironman/', 'http://www.imdb.com/title/tt0371746/', 93, 'http://upload.wikimedia.org/wikipedia/en/7/70/Ironmanposter.JPG');
INSERT INTO `MOVIE` VALUES (7, 'In Bruges', 107, 2621552, 'http://www.apple.com/trailers/focus_features/inbruges/', 'http://www.imdb.com/title/tt0780536/', 81, 'http://upload.wikimedia.org/wikipedia/en/6/6b/In_bruges_post.jpg');
INSERT INTO `MOVIE` VALUES (8, 'Burn After Reading', 96, 589840, 'http://www.apple.com/trailers/focus_features/burnafterreading/', 'http://www.imdb.com/title/tt0887883/', 78, 'http://upload.wikimedia.org/wikipedia/en/a/ae/Burn_After_Reading.jpg');
INSERT INTO `MOVIE` VALUES (9, 'Kung Fu Panda', 92, 536870932, 'http://www.apple.com/trailers/dreamworks/kungfupanda/', 'http://www.imdb.com/title/tt0441773/', 89, 'http://upload.wikimedia.org/wikipedia/en/1/18/Kung_fu_panda_poster.jpg');
INSERT INTO `MOVIE` VALUES (10, 'Body of Lies', 128, 67125249, 'http://www.apple.com/trailers/wb/bodyoflies/', 'http://www.imdb.com/title/tt0758774/', 50, 'http://upload.wikimedia.org/wikipedia/en/4/48/Body_of_lies_poster.jpg');
INSERT INTO `MOVIE` VALUES (11, 'Get Smart', 110, 67633169, 'http://www.apple.com/trailers/wb/getsmart/', 'http://www.imdb.com/title/tt0425061/', 53, 'http://upload.wikimedia.org/wikipedia/en/8/88/Getsmart08.png');
INSERT INTO `MOVIE` VALUES (12, 'Step Brothers', 105, 268435472, 'http://www.apple.com/trailers/sony_pictures/stepbrothers/', 'http://www.imdb.com/title/tt0838283/', 54, 'http://upload.wikimedia.org/wikipedia/en/d/d9/StepbrothersMP08.jpg');
INSERT INTO `MOVIE` VALUES (13, 'Michael Clayton', 119, 268451936, 'http://www.apple.com/trailers/wb/michaelclayton/', 'http://www.imdb.com/title/tt0465538/', 90, 'http://upload.wikimedia.org/wikipedia/en/a/a8/Michael_clayton.jpg');
INSERT INTO `MOVIE` VALUES (14, 'How to Lose Friends and Alienate People', 110, 18, 'http://www.apple.com/trailers/mgm/howtolosefriendsandalienatepeople/', 'http://www.imdb.com/title/tt0455538/', 37, 'http://upload.wikimedia.org/wikipedia/en/5/5b/Lose_friends_and_alienate_people.jpg');
INSERT INTO `MOVIE` VALUES (15, 'There Will Be Blood', 158, 9060928, 'http://www.apple.com/trailers/paramount_vantage/therewillbeblood/', 'http://www.imdb.com/title/tt0469494/', 91, 'http://upload.wikimedia.org/wikipedia/en/a/a5/There_will_be_blood.jpg');
INSERT INTO `MOVIE` VALUES (16, 'No Country for Old Men', 122, 671840, 'http://www.apple.com/trailers/miramax/nocountryforoldmen/', 'http://www.imdb.com/title/tt0477348/', 94, 'http://upload.wikimedia.org/wikipedia/en/8/8b/No_Country_for_Old_Men_poster.jpg');
INSERT INTO `MOVIE` VALUES (17, 'Hancock', 92, 4735217, 'http://www.apple.com/trailers/sony_pictures/hancock/', 'http://www.imdb.com/title/tt0448157/', 38, 'http://upload.wikimedia.org/wikipedia/en/c/c9/Hancockposter.jpg');
INSERT INTO `MOVIE` VALUES (18, 'The Hammer', 88, 8208, 'http://www.apple.com/trailers/independent/thehammer/', 'http://www.imdb.com/title/tt0814130/', 71, 'http://upload.wikimedia.org/wikipedia/en/5/58/Hammerposter.jpg');
INSERT INTO `MOVIE` VALUES (19, 'Leatherheads', 114, 8720, 'http://www.apple.com/trailers/universal/leatherheads/', 'http://www.imdb.com/title/tt0379865/', 52, 'http://upload.wikimedia.org/wikipedia/en/f/ff/Leatherheads_ver2.jpg');
INSERT INTO `MOVIE` VALUES (20, 'Good Night, and Good Luck.', 93, 576, 'http://www.imdb.com/video/screenplay/vi2963931417/', 'http://www.imdb.com/title/tt0433383/', 94, 'http://upload.wikimedia.org/wikipedia/en/a/ae/Goodnight_poster.jpg');
INSERT INTO `MOVIE` VALUES (21, 'Speed Racer', 135, 8193, 'http://www.apple.com/trailers/wb/speedracer/', 'http://www.imdb.com/title/tt0811080/', 37, 'http://upload.wikimedia.org/wikipedia/en/8/82/Speed_racer_ver5_xlg.jpg');
INSERT INTO `MOVIE` VALUES (22, 'Rocky Balboa', 102, 8257, 'http://www.apple.com/trailers/mgm/rockybalboa/', 'http://www.imdb.com/title/tt0479143/', 76, 'http://upload.wikimedia.org/wikipedia/en/0/00/Scaled_rbmp.jpg');
INSERT INTO `MOVIE` VALUES (23, 'Rambo', 91, 49153, 'http://www.apple.com/trailers/lions_gate/rambo/', 'http://www.imdb.com/title/tt0462499/', 37, 'http://upload.wikimedia.org/wikipedia/en/c/cf/Rambowallpaperkr8.jpg');
INSERT INTO `MOVIE` VALUES (24, 'I Am Legend', 101, 268457024, 'http://www.apple.com/trailers/wb/iamlegend/', 'http://www.imdb.com/title/tt0480249/', 69, 'http://upload.wikimedia.org/wikipedia/en/d/df/I_am_legend_teaser.jpg');
INSERT INTO `MOVIE` VALUES (25, 'Sweeney Todd', 116, 84064, 'http://www.apple.com/trailers/dreamworks/sweeneytodd/', 'http://www.imdb.com/title/tt0408236/', 86, 'http://upload.wikimedia.org/wikipedia/en/4/4b/Sweeneylarge.jpg');
INSERT INTO `MOVIE` VALUES (26, 'Charlie Wilsons War', 102, 33360, 'http://www.apple.com/trailers/universal/charliewilsonswar/', 'http://www.imdb.com/title/tt0472062/', 82, 'http://upload.wikimedia.org/wikipedia/en/8/89/Charliewilsonwarposter.jpg');
INSERT INTO `MOVIE` VALUES (27, 'Persepolis', 96, 33604, 'http://www.apple.com/trailers/sony/persepolis/', 'http://www.imdb.com/title/tt0808417/', 96, 'http://upload.wikimedia.org/wikipedia/en/0/0b/Persepolis_film.jpg');
INSERT INTO `MOVIE` VALUES (28, 'Cloverfield', 85, 20609, 'http://www.apple.com/trailers/paramount/cloverfield/', 'http://www.imdb.com/title/tt1060277/', 77, 'http://upload.wikimedia.org/wikipedia/en/f/f1/Cloverfield_theatrical_poster.jpg');
INSERT INTO `MOVIE` VALUES (29, 'The Visitor', 104, 33554496, 'http://www.apple.com/trailers/independent/thevisitor/', 'http://www.imdb.com/title/tt0857191/', 93, 'http://www.boxofficemojo.com/img/v/visitor08/000poster.jpg');
INSERT INTO `MOVIE` VALUES (30, 'Who Framed Roger Rabbit ', 104, 419430588, 'http://www.youtube.com/watch?v=zG37ysSqgq8', 'http://www.imdb.com/title/tt0096438/', 98, 'http://upload.wikimedia.org/wikipedia/en/3/32/Movie_poster_who_framed_roger_rabbit.jpg');
INSERT INTO `MOVIE` VALUES (31, 'Indiana Jones and the Kingdom of the Crystal Skull', 122, 1484787713, 'http://www.apple.com/trailers/paramount/indianajonesandthekingdomofthecrystalskull/', 'http://www.imdb.com/title/tt0367882/', 76, 'http://upload.wikimedia.org/wikipedia/en/d/d5/Kingdomofthecrystalskull.jpg');
INSERT INTO `MOVIE` VALUES (32, 'Star Wars: The Clone Wars', 98, 1052807, 'http://www.apple.com/trailers/wb/starwarstheclonewars/', 'http://www.imdb.com/title/tt1185834/', 19, 'http://upload.wikimedia.org/wikipedia/en/7/72/Star_wars_the_clone_wars.jpg');
INSERT INTO `MOVIE` VALUES (33, 'Smart People', 95, 33554512, 'http://www.apple.com/trailers/miramax/smartpeople/', 'http://www.imdb.com/title/tt0858479/', 48, 'http://upload.wikimedia.org/wikipedia/en/9/9d/Smart_people.jpg');
INSERT INTO `MOVIE` VALUES (34, 'The Kite Runner', 128, 33554752, 'http://www.apple.com/trailers/paramount_vantage/thekiterunner/', 'http://www.imdb.com/title/tt0419887/', 66, 'http://upload.wikimedia.org/wikipedia/en/b/b8/Kite_Runner_film.jpg');
INSERT INTO `MOVIE` VALUES (35, 'Vantage Point', 90, 285229057, 'http://www.apple.com/trailers/sony_pictures/vantagepoint/', 'http://www.imdb.com/title/tt0443274/', 36, 'http://upload.wikimedia.org/wikipedia/en/3/37/Vantage_point_08.jpg');
INSERT INTO `MOVIE` VALUES (36, '88 Minutes', 108, 1064993, 'http://www.apple.com/trailers/sony_pictures/88minutes/', 'http://www.imdb.com/title/tt0411061/', 5, 'http://upload.wikimedia.org/wikipedia/en/3/3f/Eighty_eight_minutes_ver3.jpg');
INSERT INTO `MOVIE` VALUES (37, 'Death at a Funeral', 90, 33554448, 'http://www.apple.com/trailers/independent/deathatafuneral/', 'http://www.imdb.com/title/tt0795368/', 63, 'http://upload.wikimedia.org/wikipedia/en/3/35/Death_at_a_funeral.jpg');
INSERT INTO `MOVIE` VALUES (38, 'The Happening', 91, 1134593, 'http://www.apple.com/trailers/fox/thehappening/', 'http://www.imdb.com/find?s=all&q=The+Happening', 19, 'http://upload.wikimedia.org/wikipedia/en/5/52/Thehappening1_large.jpg');
INSERT INTO `MOVIE` VALUES (39, 'Letters from Iwo Jima', 141, 557888, 'http://www.apple.com/trailers/wb/lettersfromiwojima/', 'http://www.imdb.com/title/tt0498380/', 92, 'http://upload.wikimedia.org/wikipedia/en/8/87/Letters_from_Iwo_Jima.jpg');
INSERT INTO `MOVIE` VALUES (40, 'Trees Lounge', 95, 33554514, 'http://www.imdb.com/video/screenplay/vi2365522201/', 'http://www.imdb.com/title/tt0117958/', 81, 'http://upload.wikimedia.org/wikipedia/en/8/80/Trees_Lounge_film.jpg');
INSERT INTO `MOVIE` VALUES (41, '3:10 to Yuma', 122, 131137, 'http://www.apple.com/trailers/lions_gate/310toyuma/', 'http://www.imdb.com/title/tt0381849/', 88, 'http://upload.wikimedia.org/wikipedia/en/a/a2/310_to_Yuma_poster.jpg');
INSERT INTO `MOVIE` VALUES (42, 'American Gangster', 176, 611, 'http://www.apple.com/trailers/universal/americangangster/', 'http://www.imdb.com/title/tt0765429/', 79, 'http://upload.wikimedia.org/wikipedia/en/9/9f/American_Gangster_poster.jpg');
INSERT INTO `MOVIE` VALUES (43, 'Juno', 96, 33554448, 'http://www.apple.com/trailers/fox_searchlight/juno/', 'http://www.imdb.com/title/tt0467406/', 93, 'http://upload.wikimedia.org/wikipedia/en/e/ec/Junoposter2007.jpg');
INSERT INTO `MOVIE` VALUES (44, 'Into the Wild', 148, 1073741888, 'http://www.apple.com/trailers/paramount_vantage/intothewild/', 'http://www.imdb.com/title/tt0758758/', 82, 'http://upload.wikimedia.org/wikipedia/en/8/8a/Into-the-wild.jpg');
INSERT INTO `MOVIE` VALUES (45, 'The Darjeeling Limited', 91, 33620304, 'http://www.apple.com/trailers/fox_searchlight/thedarjeelinglimited/', 'http://www.imdb.com/title/tt0838221/', 66, 'http://crashingwaves.files.wordpress.com/2008/02/darjeeling-limited-poster1.jpg');
INSERT INTO `MOVIE` VALUES (46, 'Sleuth', 86, 16793664, 'http://www.apple.com/trailers/sony/sleuth/', 'http://www.imdb.com/title/tt0857265/', 36, 'http://upload.wikimedia.org/wikipedia/en/8/86/Sleuthpost2007.jpg');
INSERT INTO `MOVIE` VALUES (47, 'Before the Devil Knows You', 123, 16481, 'http://www.apple.com/trailers/thinkfilm/beforethedevilknowsyouredead/', 'http://www.imdb.com/title/tt0292963/', 88, 'http://upload.wikimedia.org/wikipedia/en/f/fa/Devil_youre_dead_ver2.jpg');
INSERT INTO `MOVIE` VALUES (48, 'Gone Baby Gone', 114, 17301602, 'http://www.apple.com/trailers/miramax/gonebabygone/', 'http://www.imdb.com/title/tt0452623/', 94, 'http://upload.wikimedia.org/wikipedia/en/c/c1/Gone_baby_gone_poster.jpg');
INSERT INTO `MOVIE` VALUES (49, 'Beowulf', 114, 1073742533, 'http://www.apple.com/trailers/paramount/beowulf/', 'http://www.imdb.com/title/tt0442933/', 71, 'http://upload.wikimedia.org/wikipedia/en/a/ab/Beowolfposter.jpg');
INSERT INTO `MOVIE` VALUES (50, 'The Savages', 114, 33554512, 'http://www.apple.com/trailers/fox_searchlight/thesavages/', 'http://www.imdb.com/title/tt0775529/', 89, 'http://upload.wikimedia.org/wikipedia/en/6/69/SavagesFilmPoster.jpg');
INSERT INTO `MOVIE` VALUES (51, 'Atonement', 123, 33088, 'http://www.apple.com/trailers/focus_features/atonement/', 'http://www.imdb.com/title/tt0783233/', 83, 'http://upload.wikimedia.org/wikipedia/en/6/64/Atonement_poster.jpg');
INSERT INTO `MOVIE` VALUES (52, 'Be Kind Rewind', 102, 1048592, 'http://www.apple.com/trailers/newline/bekindrewind/', 'http://www.imdb.com/title/tt0799934/', 68, 'http://upload.wikimedia.org/wikipedia/en/6/60/Be_kind_rewind_post.jpg');
INSERT INTO `MOVIE` VALUES (53, 'Semi Pro', 98, 1056784, 'http://www.apple.com/trailers/newline/semipro/', 'http://www.imdb.com/title/tt0839980/', 21, 'http://www.themovieblog.com/archives/semi-pro-poster1.jpg');
INSERT INTO `MOVIE` VALUES (54, 'Run Fatboy Run', 100, 8208, 'http://www.apple.com/trailers/picturehouse/runfatboyrun/', 'http://www.imdb.com/title/tt0425413/', 48, 'http://www.wildaboutmovies.com/images_4/RunFatBoyRunMoviePoster_000.jpg');
INSERT INTO `MOVIE` VALUES (55, 'The Chronicles of Narnia: Prince Caspian', 144, 1073741952, 'http://www.apple.com/trailers/disney/thechroniclesofnarniaprincecaspian/', 'http://www.imdb.com/title/tt0499448/', 66, 'http://upload.wikimedia.org/wikipedia/en/5/59/PrinceCaspianposter.jpg');
INSERT INTO `MOVIE` VALUES (56, 'You Don''t Mess with the Zohan', 113, 603979793, 'http://www.apple.com/trailers/sony_pictures/youdontmesswiththezohan/', 'http://www.imdb.com/title/tt0960144/', 34, 'http://upload.wikimedia.org/wikipedia/en/7/77/With_the_zohan.jpg');
INSERT INTO `MOVIE` VALUES (57, 'The Incredible Hulk', 112, 406851649, 'http://www.apple.com/trailers/universal/theincrediblehulk/', 'http://www.imdb.com/title/tt0800080/', 67, 'http://upload.wikimedia.org/wikipedia/en/e/e6/Hulk_poster.jpg');
INSERT INTO `MOVIE` VALUES (58, 'Hellboy II: The Golden Army', 120, 4784257, 'http://www.apple.com/trailers/universal/hellboy2thegoldenarmy/', 'http://www.imdb.com/title/tt0411477/', 88, 'http://upload.wikimedia.org/wikipedia/en/5/51/Hellboy_2_poster.jpg');
INSERT INTO `MOVIE` VALUES (59, 'The X-Files: I Want to Believe', 104, 285298880, 'http://www.apple.com/trailers/fox/thexfilesiwanttobelieve/', 'http://www.imdb.com/title/tt0443701/', 32, 'http://upload.wikimedia.org/wikipedia/en/a/a6/X27613.jpg');
INSERT INTO `MOVIE` VALUES (60, 'Pineapple Express', 111, 48, 'http://www.apple.com/trailers/sony_pictures/pineappleexpress/', 'http://www.imdb.com/title/tt0910936/', 68, 'http://upload.wikimedia.org/wikipedia/en/2/27/Pineapple_express.jpg');
INSERT INTO `MOVIE` VALUES (61, 'Righteous Kill', 101, 97, 'http://www.apple.com/trailers/independent/righteouskill/', 'http://www.imdb.com/title/tt1034331/', 22, 'http://upload.wikimedia.org/wikipedia/en/e/e8/Righteous_kill_ver2.jpg');
INSERT INTO `MOVIE` VALUES (62, 'Eagle Eye', 118, 16793601, 'http://www.apple.com/trailers/paramount/eagleeye/', 'http://www.imdb.com/title/tt1059786/', 27, 'http://upload.wikimedia.org/wikipedia/en/1/15/Eagle_eye_poster.jpg');

-- --------------------------------------------------------

-- 
-- Table structure for table `MOVIE_GENRE`
-- 

CREATE TABLE `MOVIE_GENRE` (
  `MovieID` int(11) NOT NULL,
  `GenreID` int(11) NOT NULL
) ENGINE=MyISAM DEFAULT CHARSET=latin1 COLLATE=latin1_german2_ci;

-- 
-- Dumping data for table `MOVIE_GENRE`
-- 

INSERT INTO `MOVIE_GENRE` VALUES (30, 3);
INSERT INTO `MOVIE_GENRE` VALUES (30, 4);
INSERT INTO `MOVIE_GENRE` VALUES (30, 5);
INSERT INTO `MOVIE_GENRE` VALUES (30, 6);
INSERT INTO `MOVIE_GENRE` VALUES (30, 8);
INSERT INTO `MOVIE_GENRE` VALUES (30, 25);
INSERT INTO `MOVIE_GENRE` VALUES (30, 28);
INSERT INTO `MOVIE_GENRE` VALUES (30, 29);
INSERT INTO `MOVIE_GENRE` VALUES (1, 3);
INSERT INTO `MOVIE_GENRE` VALUES (1, 5);
INSERT INTO `MOVIE_GENRE` VALUES (1, 8);
INSERT INTO `MOVIE_GENRE` VALUES (1, 13);
INSERT INTO `MOVIE_GENRE` VALUES (1, 20);
INSERT INTO `MOVIE_GENRE` VALUES (1, 31);
INSERT INTO `MOVIE_GENRE` VALUES (27, 3);
INSERT INTO `MOVIE_GENRE` VALUES (27, 7);
INSERT INTO `MOVIE_GENRE` VALUES (27, 9);
INSERT INTO `MOVIE_GENRE` VALUES (27, 10);
INSERT INTO `MOVIE_GENRE` VALUES (27, 16);
INSERT INTO `MOVIE_GENRE` VALUES (20, 7);
INSERT INTO `MOVIE_GENRE` VALUES (20, 10);
INSERT INTO `MOVIE_GENRE` VALUES (16, 6);
INSERT INTO `MOVIE_GENRE` VALUES (16, 7);
INSERT INTO `MOVIE_GENRE` VALUES (16, 15);
INSERT INTO `MOVIE_GENRE` VALUES (16, 18);
INSERT INTO `MOVIE_GENRE` VALUES (16, 20);
INSERT INTO `MOVIE_GENRE` VALUES (48, 2);
INSERT INTO `MOVIE_GENRE` VALUES (48, 6);
INSERT INTO `MOVIE_GENRE` VALUES (48, 7);
INSERT INTO `MOVIE_GENRE` VALUES (48, 20);
INSERT INTO `MOVIE_GENRE` VALUES (48, 25);
INSERT INTO `MOVIE_GENRE` VALUES (3, 1);
INSERT INTO `MOVIE_GENRE` VALUES (3, 2);
INSERT INTO `MOVIE_GENRE` VALUES (3, 6);
INSERT INTO `MOVIE_GENRE` VALUES (3, 19);
INSERT INTO `MOVIE_GENRE` VALUES (3, 20);
INSERT INTO `MOVIE_GENRE` VALUES (3, 23);
INSERT INTO `MOVIE_GENRE` VALUES (29, 7);
INSERT INTO `MOVIE_GENRE` VALUES (29, 26);
INSERT INTO `MOVIE_GENRE` VALUES (43, 5);
INSERT INTO `MOVIE_GENRE` VALUES (43, 26);
INSERT INTO `MOVIE_GENRE` VALUES (6, 1);
INSERT INTO `MOVIE_GENRE` VALUES (6, 2);
INSERT INTO `MOVIE_GENRE` VALUES (6, 19);
INSERT INTO `MOVIE_GENRE` VALUES (6, 20);
INSERT INTO `MOVIE_GENRE` VALUES (6, 23);
INSERT INTO `MOVIE_GENRE` VALUES (39, 7);
INSERT INTO `MOVIE_GENRE` VALUES (39, 9);
INSERT INTO `MOVIE_GENRE` VALUES (39, 10);
INSERT INTO `MOVIE_GENRE` VALUES (39, 16);
INSERT INTO `MOVIE_GENRE` VALUES (39, 20);
INSERT INTO `MOVIE_GENRE` VALUES (15, 7);
INSERT INTO `MOVIE_GENRE` VALUES (15, 10);
INSERT INTO `MOVIE_GENRE` VALUES (15, 15);
INSERT INTO `MOVIE_GENRE` VALUES (15, 18);
INSERT INTO `MOVIE_GENRE` VALUES (15, 20);
INSERT INTO `MOVIE_GENRE` VALUES (15, 24);
INSERT INTO `MOVIE_GENRE` VALUES (13, 6);
INSERT INTO `MOVIE_GENRE` VALUES (13, 7);
INSERT INTO `MOVIE_GENRE` VALUES (13, 15);
INSERT INTO `MOVIE_GENRE` VALUES (13, 29);
INSERT INTO `MOVIE_GENRE` VALUES (50, 5);
INSERT INTO `MOVIE_GENRE` VALUES (50, 7);
INSERT INTO `MOVIE_GENRE` VALUES (50, 26);
INSERT INTO `MOVIE_GENRE` VALUES (9, 3);
INSERT INTO `MOVIE_GENRE` VALUES (9, 5);
INSERT INTO `MOVIE_GENRE` VALUES (9, 30);
INSERT INTO `MOVIE_GENRE` VALUES (58, 1);
INSERT INTO `MOVIE_GENRE` VALUES (58, 8);
INSERT INTO `MOVIE_GENRE` VALUES (58, 17);
INSERT INTO `MOVIE_GENRE` VALUES (58, 20);
INSERT INTO `MOVIE_GENRE` VALUES (58, 23);
INSERT INTO `MOVIE_GENRE` VALUES (47, 1);
INSERT INTO `MOVIE_GENRE` VALUES (47, 6);
INSERT INTO `MOVIE_GENRE` VALUES (47, 7);
INSERT INTO `MOVIE_GENRE` VALUES (47, 15);
INSERT INTO `MOVIE_GENRE` VALUES (41, 1);
INSERT INTO `MOVIE_GENRE` VALUES (41, 7);
INSERT INTO `MOVIE_GENRE` VALUES (41, 18);
INSERT INTO `MOVIE_GENRE` VALUES (25, 6);
INSERT INTO `MOVIE_GENRE` VALUES (25, 7);
INSERT INTO `MOVIE_GENRE` VALUES (25, 12);
INSERT INTO `MOVIE_GENRE` VALUES (25, 15);
INSERT INTO `MOVIE_GENRE` VALUES (25, 17);
INSERT INTO `MOVIE_GENRE` VALUES (51, 7);
INSERT INTO `MOVIE_GENRE` VALUES (51, 9);
INSERT INTO `MOVIE_GENRE` VALUES (51, 16);
INSERT INTO `MOVIE_GENRE` VALUES (5, 1);
INSERT INTO `MOVIE_GENRE` VALUES (5, 5);
INSERT INTO `MOVIE_GENRE` VALUES (5, 16);
INSERT INTO `MOVIE_GENRE` VALUES (5, 20);
INSERT INTO `MOVIE_GENRE` VALUES (5, 22);
INSERT INTO `MOVIE_GENRE` VALUES (26, 5);
INSERT INTO `MOVIE_GENRE` VALUES (26, 7);
INSERT INTO `MOVIE_GENRE` VALUES (26, 10);
INSERT INTO `MOVIE_GENRE` VALUES (26, 16);
INSERT INTO `MOVIE_GENRE` VALUES (44, 7);
INSERT INTO `MOVIE_GENRE` VALUES (44, 31);
INSERT INTO `MOVIE_GENRE` VALUES (7, 5);
INSERT INTO `MOVIE_GENRE` VALUES (7, 6);
INSERT INTO `MOVIE_GENRE` VALUES (7, 7);
INSERT INTO `MOVIE_GENRE` VALUES (7, 20);
INSERT INTO `MOVIE_GENRE` VALUES (7, 22);
INSERT INTO `MOVIE_GENRE` VALUES (40, 2);
INSERT INTO `MOVIE_GENRE` VALUES (40, 5);
INSERT INTO `MOVIE_GENRE` VALUES (40, 7);
INSERT INTO `MOVIE_GENRE` VALUES (40, 26);
INSERT INTO `MOVIE_GENRE` VALUES (42, 1);
INSERT INTO `MOVIE_GENRE` VALUES (42, 2);
INSERT INTO `MOVIE_GENRE` VALUES (42, 6);
INSERT INTO `MOVIE_GENRE` VALUES (42, 7);
INSERT INTO `MOVIE_GENRE` VALUES (42, 10);
INSERT INTO `MOVIE_GENRE` VALUES (8, 5);
INSERT INTO `MOVIE_GENRE` VALUES (8, 17);
INSERT INTO `MOVIE_GENRE` VALUES (8, 20);
INSERT INTO `MOVIE_GENRE` VALUES (28, 1);
INSERT INTO `MOVIE_GENRE` VALUES (28, 8);
INSERT INTO `MOVIE_GENRE` VALUES (28, 13);
INSERT INTO `MOVIE_GENRE` VALUES (28, 15);
INSERT INTO `MOVIE_GENRE` VALUES (31, 1);
INSERT INTO `MOVIE_GENRE` VALUES (31, 13);
INSERT INTO `MOVIE_GENRE` VALUES (31, 24);
INSERT INTO `MOVIE_GENRE` VALUES (31, 28);
INSERT INTO `MOVIE_GENRE` VALUES (31, 29);
INSERT INTO `MOVIE_GENRE` VALUES (31, 31);
INSERT INTO `MOVIE_GENRE` VALUES (22, 1);
INSERT INTO `MOVIE_GENRE` VALUES (22, 7);
INSERT INTO `MOVIE_GENRE` VALUES (22, 14);
INSERT INTO `MOVIE_GENRE` VALUES (2, 1);
INSERT INTO `MOVIE_GENRE` VALUES (2, 2);
INSERT INTO `MOVIE_GENRE` VALUES (2, 15);
INSERT INTO `MOVIE_GENRE` VALUES (49, 1);
INSERT INTO `MOVIE_GENRE` VALUES (49, 3);
INSERT INTO `MOVIE_GENRE` VALUES (49, 7);
INSERT INTO `MOVIE_GENRE` VALUES (49, 8);
INSERT INTO `MOVIE_GENRE` VALUES (49, 10);
INSERT INTO `MOVIE_GENRE` VALUES (49, 31);
INSERT INTO `MOVIE_GENRE` VALUES (18, 5);
INSERT INTO `MOVIE_GENRE` VALUES (18, 14);
INSERT INTO `MOVIE_GENRE` VALUES (24, 7);
INSERT INTO `MOVIE_GENRE` VALUES (24, 11);
INSERT INTO `MOVIE_GENRE` VALUES (24, 13);
INSERT INTO `MOVIE_GENRE` VALUES (24, 15);
INSERT INTO `MOVIE_GENRE` VALUES (24, 29);
INSERT INTO `MOVIE_GENRE` VALUES (60, 5);
INSERT INTO `MOVIE_GENRE` VALUES (60, 6);
INSERT INTO `MOVIE_GENRE` VALUES (52, 5);
INSERT INTO `MOVIE_GENRE` VALUES (52, 21);
INSERT INTO `MOVIE_GENRE` VALUES (57, 1);
INSERT INTO `MOVIE_GENRE` VALUES (57, 7);
INSERT INTO `MOVIE_GENRE` VALUES (57, 13);
INSERT INTO `MOVIE_GENRE` VALUES (57, 23);
INSERT INTO `MOVIE_GENRE` VALUES (57, 28);
INSERT INTO `MOVIE_GENRE` VALUES (57, 29);
INSERT INTO `MOVIE_GENRE` VALUES (34, 7);
INSERT INTO `MOVIE_GENRE` VALUES (34, 9);
INSERT INTO `MOVIE_GENRE` VALUES (34, 26);
INSERT INTO `MOVIE_GENRE` VALUES (55, 8);
INSERT INTO `MOVIE_GENRE` VALUES (55, 31);
INSERT INTO `MOVIE_GENRE` VALUES (45, 5);
INSERT INTO `MOVIE_GENRE` VALUES (45, 7);
INSERT INTO `MOVIE_GENRE` VALUES (45, 9);
INSERT INTO `MOVIE_GENRE` VALUES (45, 17);
INSERT INTO `MOVIE_GENRE` VALUES (45, 26);
INSERT INTO `MOVIE_GENRE` VALUES (37, 5);
INSERT INTO `MOVIE_GENRE` VALUES (37, 26);
INSERT INTO `MOVIE_GENRE` VALUES (12, 5);
INSERT INTO `MOVIE_GENRE` VALUES (12, 29);
INSERT INTO `MOVIE_GENRE` VALUES (11, 1);
INSERT INTO `MOVIE_GENRE` VALUES (11, 5);
INSERT INTO `MOVIE_GENRE` VALUES (11, 20);
INSERT INTO `MOVIE_GENRE` VALUES (11, 27);
INSERT INTO `MOVIE_GENRE` VALUES (19, 5);
INSERT INTO `MOVIE_GENRE` VALUES (19, 10);
INSERT INTO `MOVIE_GENRE` VALUES (19, 14);
INSERT INTO `MOVIE_GENRE` VALUES (10, 1);
INSERT INTO `MOVIE_GENRE` VALUES (10, 15);
INSERT INTO `MOVIE_GENRE` VALUES (10, 27);
INSERT INTO `MOVIE_GENRE` VALUES (54, 5);
INSERT INTO `MOVIE_GENRE` VALUES (54, 14);
INSERT INTO `MOVIE_GENRE` VALUES (33, 5);
INSERT INTO `MOVIE_GENRE` VALUES (33, 7);
INSERT INTO `MOVIE_GENRE` VALUES (33, 26);
INSERT INTO `MOVIE_GENRE` VALUES (17, 1);
INSERT INTO `MOVIE_GENRE` VALUES (17, 5);
INSERT INTO `MOVIE_GENRE` VALUES (17, 6);
INSERT INTO `MOVIE_GENRE` VALUES (17, 7);
INSERT INTO `MOVIE_GENRE` VALUES (17, 8);
INSERT INTO `MOVIE_GENRE` VALUES (17, 15);
INSERT INTO `MOVIE_GENRE` VALUES (17, 20);
INSERT INTO `MOVIE_GENRE` VALUES (17, 23);
INSERT INTO `MOVIE_GENRE` VALUES (23, 1);
INSERT INTO `MOVIE_GENRE` VALUES (23, 15);
INSERT INTO `MOVIE_GENRE` VALUES (23, 16);
INSERT INTO `MOVIE_GENRE` VALUES (21, 1);
INSERT INTO `MOVIE_GENRE` VALUES (21, 14);
INSERT INTO `MOVIE_GENRE` VALUES (14, 2);
INSERT INTO `MOVIE_GENRE` VALUES (14, 5);
INSERT INTO `MOVIE_GENRE` VALUES (35, 1);
INSERT INTO `MOVIE_GENRE` VALUES (35, 15);
INSERT INTO `MOVIE_GENRE` VALUES (35, 25);
INSERT INTO `MOVIE_GENRE` VALUES (35, 29);
INSERT INTO `MOVIE_GENRE` VALUES (46, 7);
INSERT INTO `MOVIE_GENRE` VALUES (46, 15);
INSERT INTO `MOVIE_GENRE` VALUES (46, 25);
INSERT INTO `MOVIE_GENRE` VALUES (56, 1);
INSERT INTO `MOVIE_GENRE` VALUES (56, 5);
INSERT INTO `MOVIE_GENRE` VALUES (56, 27);
INSERT INTO `MOVIE_GENRE` VALUES (56, 30);
INSERT INTO `MOVIE_GENRE` VALUES (59, 7);
INSERT INTO `MOVIE_GENRE` VALUES (59, 8);
INSERT INTO `MOVIE_GENRE` VALUES (59, 13);
INSERT INTO `MOVIE_GENRE` VALUES (59, 15);
INSERT INTO `MOVIE_GENRE` VALUES (59, 17);
INSERT INTO `MOVIE_GENRE` VALUES (59, 25);
INSERT INTO `MOVIE_GENRE` VALUES (59, 29);
INSERT INTO `MOVIE_GENRE` VALUES (62, 1);
INSERT INTO `MOVIE_GENRE` VALUES (62, 15);
INSERT INTO `MOVIE_GENRE` VALUES (62, 25);
INSERT INTO `MOVIE_GENRE` VALUES (61, 1);
INSERT INTO `MOVIE_GENRE` VALUES (61, 6);
INSERT INTO `MOVIE_GENRE` VALUES (61, 7);
INSERT INTO `MOVIE_GENRE` VALUES (53, 5);
INSERT INTO `MOVIE_GENRE` VALUES (53, 14);
INSERT INTO `MOVIE_GENRE` VALUES (53, 21);
INSERT INTO `MOVIE_GENRE` VALUES (38, 1);
INSERT INTO `MOVIE_GENRE` VALUES (38, 13);
INSERT INTO `MOVIE_GENRE` VALUES (38, 15);
INSERT INTO `MOVIE_GENRE` VALUES (38, 17);
INSERT INTO `MOVIE_GENRE` VALUES (38, 21);
INSERT INTO `MOVIE_GENRE` VALUES (32, 1);
INSERT INTO `MOVIE_GENRE` VALUES (32, 2);
INSERT INTO `MOVIE_GENRE` VALUES (32, 3);
INSERT INTO `MOVIE_GENRE` VALUES (32, 8);
INSERT INTO `MOVIE_GENRE` VALUES (32, 13);
INSERT INTO `MOVIE_GENRE` VALUES (32, 21);
INSERT INTO `MOVIE_GENRE` VALUES (36, 1);
INSERT INTO `MOVIE_GENRE` VALUES (36, 6);
INSERT INTO `MOVIE_GENRE` VALUES (36, 15);
INSERT INTO `MOVIE_GENRE` VALUES (36, 21);

-- --------------------------------------------------------

-- 
-- Table structure for table `MovieListExperiment`
-- 

CREATE TABLE `MovieListExperiment` (
  `Title` varchar(255) collate latin1_german2_ci NOT NULL
) ENGINE=MyISAM DEFAULT CHARSET=latin1 COLLATE=latin1_german2_ci;

-- 
-- Dumping data for table `MovieListExperiment`
-- 

INSERT INTO `MovieListExperiment` VALUES ('I Am Legend');
INSERT INTO `MovieListExperiment` VALUES ('American Gangster');
INSERT INTO `MovieListExperiment` VALUES ('Burn After Reading');
INSERT INTO `MovieListExperiment` VALUES ('Before the Devil Knows You''re Dead');
INSERT INTO `MovieListExperiment` VALUES ('Sleuth');
INSERT INTO `MovieListExperiment` VALUES ('Juno');
INSERT INTO `MovieListExperiment` VALUES ('Hellboy II: The Golden Army');
INSERT INTO `MovieListExperiment` VALUES ('Beowulf');
INSERT INTO `MovieListExperiment` VALUES ('Righteous Kill');
INSERT INTO `MovieListExperiment` VALUES ('WALL-E');
INSERT INTO `MovieListExperiment` VALUES ('Persepolis');
INSERT INTO `MovieListExperiment` VALUES ('Kung Fu Panda');
INSERT INTO `MovieListExperiment` VALUES ('Who Framed Roger Rabbit ');
INSERT INTO `MovieListExperiment` VALUES ('Get Smart');
INSERT INTO `MovieListExperiment` VALUES ('The Incredible Hulk');
INSERT INTO `MovieListExperiment` VALUES ('Rocky Balboa');
INSERT INTO `MovieListExperiment` VALUES ('Hellboy II: The Golden Army');
INSERT INTO `MovieListExperiment` VALUES ('Tropic Thunder');
INSERT INTO `MovieListExperiment` VALUES ('Charlie Wilsons War');
INSERT INTO `MovieListExperiment` VALUES ('The Dark Knight');
INSERT INTO `MovieListExperiment` VALUES ('How to Lose Friends and Alienate People');
INSERT INTO `MovieListExperiment` VALUES ('I Am Legend');
INSERT INTO `MovieListExperiment` VALUES ('Atonement');
INSERT INTO `MovieListExperiment` VALUES ('Beowulf');
INSERT INTO `MovieListExperiment` VALUES ('Step Brothers');
INSERT INTO `MovieListExperiment` VALUES ('Persepolis');
INSERT INTO `MovieListExperiment` VALUES ('There Will Be Blood');
INSERT INTO `MovieListExperiment` VALUES ('In Bruges');
INSERT INTO `MovieListExperiment` VALUES ('Michael Clayton');
INSERT INTO `MovieListExperiment` VALUES ('Sweeney Todd');
INSERT INTO `MovieListExperiment` VALUES ('In Bruges');
INSERT INTO `MovieListExperiment` VALUES ('Beowulf');
INSERT INTO `MovieListExperiment` VALUES ('WALL-E');
INSERT INTO `MovieListExperiment` VALUES ('There Will Be Blood');
INSERT INTO `MovieListExperiment` VALUES ('Sweeney Todd');
INSERT INTO `MovieListExperiment` VALUES ('Step Brothers');
INSERT INTO `MovieListExperiment` VALUES ('No Country for Old Men');
INSERT INTO `MovieListExperiment` VALUES ('Hellboy II: The Golden Army');
INSERT INTO `MovieListExperiment` VALUES ('Good Night, and Good Luck.');
INSERT INTO `MovieListExperiment` VALUES ('Atonement');
INSERT INTO `MovieListExperiment` VALUES ('The Savages');
INSERT INTO `MovieListExperiment` VALUES ('Before the Devil Knows You''re Dead');
INSERT INTO `MovieListExperiment` VALUES ('Semi Pro');
INSERT INTO `MovieListExperiment` VALUES ('The Darjeeling Limited');
INSERT INTO `MovieListExperiment` VALUES ('Run Fatboy Run');
INSERT INTO `MovieListExperiment` VALUES ('WALL-E');
INSERT INTO `MovieListExperiment` VALUES ('Good Night, and Good Luck.');
INSERT INTO `MovieListExperiment` VALUES ('Persepolis');
INSERT INTO `MovieListExperiment` VALUES ('Who Framed Roger Rabbit ');
INSERT INTO `MovieListExperiment` VALUES ('The Chronicles of Narnia: Prince Caspian');
INSERT INTO `MovieListExperiment` VALUES ('Tropic Thunder');
INSERT INTO `MovieListExperiment` VALUES ('Rambo');
INSERT INTO `MovieListExperiment` VALUES ('Iron Man');
INSERT INTO `MovieListExperiment` VALUES ('Juno');
INSERT INTO `MovieListExperiment` VALUES ('Burn After Reading');
INSERT INTO `MovieListExperiment` VALUES ('There Will Be Blood');
INSERT INTO `MovieListExperiment` VALUES ('Smart People');
INSERT INTO `MovieListExperiment` VALUES ('Body of Lies');
INSERT INTO `MovieListExperiment` VALUES ('Charlie Wilsons War');
INSERT INTO `MovieListExperiment` VALUES ('I Am Legend');
INSERT INTO `MovieListExperiment` VALUES ('3:10 to Yuma');
INSERT INTO `MovieListExperiment` VALUES ('In Bruges');
INSERT INTO `MovieListExperiment` VALUES ('Juno');
INSERT INTO `MovieListExperiment` VALUES ('Be Kind Rewind');
INSERT INTO `MovieListExperiment` VALUES ('Burn After Reading');
INSERT INTO `MovieListExperiment` VALUES ('Who Framed Roger Rabbit ');
INSERT INTO `MovieListExperiment` VALUES ('The Kite Runner');
INSERT INTO `MovieListExperiment` VALUES ('Atonement');
INSERT INTO `MovieListExperiment` VALUES ('The Hammer');
INSERT INTO `MovieListExperiment` VALUES ('No Country for Old Men');
INSERT INTO `MovieListExperiment` VALUES ('Persepolis');
INSERT INTO `MovieListExperiment` VALUES ('The X-Files: I Want to Believe');
INSERT INTO `MovieListExperiment` VALUES ('Charlie Wilsons War');
INSERT INTO `MovieListExperiment` VALUES ('Sweeney Todd');
INSERT INTO `MovieListExperiment` VALUES ('Run Fatboy Run');
INSERT INTO `MovieListExperiment` VALUES ('Semi Pro');
INSERT INTO `MovieListExperiment` VALUES ('The Dark Knight');
INSERT INTO `MovieListExperiment` VALUES ('Iron Man');
INSERT INTO `MovieListExperiment` VALUES ('No Country for Old Men');
INSERT INTO `MovieListExperiment` VALUES ('Beowulf');
INSERT INTO `MovieListExperiment` VALUES ('Be Kind Rewind');
INSERT INTO `MovieListExperiment` VALUES ('I Am Legend');
INSERT INTO `MovieListExperiment` VALUES ('The Chronicles of Narnia: Prince Caspian');
INSERT INTO `MovieListExperiment` VALUES ('Smart People');
INSERT INTO `MovieListExperiment` VALUES ('Good Night, and Good Luck.');
INSERT INTO `MovieListExperiment` VALUES ('Run Fatboy Run');
INSERT INTO `MovieListExperiment` VALUES ('Persepolis');
INSERT INTO `MovieListExperiment` VALUES ('Step Brothers');
INSERT INTO `MovieListExperiment` VALUES ('Before the Devil Knows You''re Dead');
INSERT INTO `MovieListExperiment` VALUES ('Who Framed Roger Rabbit ');
INSERT INTO `MovieListExperiment` VALUES ('3:10 to Yuma');
INSERT INTO `MovieListExperiment` VALUES ('Tropic Thunder');
INSERT INTO `MovieListExperiment` VALUES ('Juno');
INSERT INTO `MovieListExperiment` VALUES ('Charlie Wilsons War');
INSERT INTO `MovieListExperiment` VALUES ('Before the Devil Knows You''re Dead');
INSERT INTO `MovieListExperiment` VALUES ('Kung Fu Panda');
INSERT INTO `MovieListExperiment` VALUES ('You Don''t Mess with the Zohan');
INSERT INTO `MovieListExperiment` VALUES ('I Am Legend');
INSERT INTO `MovieListExperiment` VALUES ('Body of Lies');
INSERT INTO `MovieListExperiment` VALUES ('Sleuth');
INSERT INTO `MovieListExperiment` VALUES ('Gone Baby Gone');
INSERT INTO `MovieListExperiment` VALUES ('Righteous Kill');
INSERT INTO `MovieListExperiment` VALUES ('Run Fatboy Run');
INSERT INTO `MovieListExperiment` VALUES ('Persepolis');
INSERT INTO `MovieListExperiment` VALUES ('The Savages');
INSERT INTO `MovieListExperiment` VALUES ('Sweeney Todd');
INSERT INTO `MovieListExperiment` VALUES ('Kung Fu Panda');
INSERT INTO `MovieListExperiment` VALUES ('WALL-E');
INSERT INTO `MovieListExperiment` VALUES ('Leatherheads');
INSERT INTO `MovieListExperiment` VALUES ('Trees Lounge');
INSERT INTO `MovieListExperiment` VALUES ('Into the Wild');
INSERT INTO `MovieListExperiment` VALUES ('Michael Clayton');
INSERT INTO `MovieListExperiment` VALUES ('Burn After Reading');
INSERT INTO `MovieListExperiment` VALUES ('Before the Devil Knows You''re Dead');
INSERT INTO `MovieListExperiment` VALUES ('In Bruges');
INSERT INTO `MovieListExperiment` VALUES ('Letters from Iwo Jima');
INSERT INTO `MovieListExperiment` VALUES ('American Gangster');
INSERT INTO `MovieListExperiment` VALUES ('Atonement');
INSERT INTO `MovieListExperiment` VALUES ('Indiana Jones and the Kingdom of the Crystal Skull');
INSERT INTO `MovieListExperiment` VALUES ('3:10 to Yuma');
INSERT INTO `MovieListExperiment` VALUES ('Kung Fu Panda');
INSERT INTO `MovieListExperiment` VALUES ('Be Kind Rewind');
INSERT INTO `MovieListExperiment` VALUES ('The Hammer');
INSERT INTO `MovieListExperiment` VALUES ('Persepolis');
INSERT INTO `MovieListExperiment` VALUES ('The Dark Knight');
INSERT INTO `MovieListExperiment` VALUES ('Good Night, and Good Luck.');
INSERT INTO `MovieListExperiment` VALUES ('Before the Devil Knows You''re Dead');
INSERT INTO `MovieListExperiment` VALUES ('Burn After Reading');
INSERT INTO `MovieListExperiment` VALUES ('Atonement');
INSERT INTO `MovieListExperiment` VALUES ('No Country for Old Men');
INSERT INTO `MovieListExperiment` VALUES ('The Darjeeling Limited');
INSERT INTO `MovieListExperiment` VALUES ('The Visitor');
INSERT INTO `MovieListExperiment` VALUES ('Smart People');
INSERT INTO `MovieListExperiment` VALUES ('Michael Clayton');
INSERT INTO `MovieListExperiment` VALUES ('Step Brothers');
INSERT INTO `MovieListExperiment` VALUES ('There Will Be Blood');
INSERT INTO `MovieListExperiment` VALUES ('3:10 to Yuma');
INSERT INTO `MovieListExperiment` VALUES ('Tropic Thunder');
INSERT INTO `MovieListExperiment` VALUES ('The Kite Runner');
INSERT INTO `MovieListExperiment` VALUES ('Get Smart');
INSERT INTO `MovieListExperiment` VALUES ('Kung Fu Panda');
INSERT INTO `MovieListExperiment` VALUES ('Pineapple Express');
INSERT INTO `MovieListExperiment` VALUES ('Step Brothers');
INSERT INTO `MovieListExperiment` VALUES ('The Visitor');
INSERT INTO `MovieListExperiment` VALUES ('Wanted');
INSERT INTO `MovieListExperiment` VALUES ('You Don''t Mess with the Zohan');
INSERT INTO `MovieListExperiment` VALUES ('Sweeney Todd');
INSERT INTO `MovieListExperiment` VALUES ('Charlie Wilsons War');
INSERT INTO `MovieListExperiment` VALUES ('American Gangster');
INSERT INTO `MovieListExperiment` VALUES ('The Savages');
INSERT INTO `MovieListExperiment` VALUES ('Hellboy II: The Golden Army');
INSERT INTO `MovieListExperiment` VALUES ('How to Lose Friends and Alienate People');
INSERT INTO `MovieListExperiment` VALUES ('Kung Fu Panda');
INSERT INTO `MovieListExperiment` VALUES ('Wanted');
INSERT INTO `MovieListExperiment` VALUES ('Tropic Thunder');
INSERT INTO `MovieListExperiment` VALUES ('Iron Man');
INSERT INTO `MovieListExperiment` VALUES ('No Country for Old Men');
INSERT INTO `MovieListExperiment` VALUES ('Burn After Reading');
INSERT INTO `MovieListExperiment` VALUES ('Get Smart');
INSERT INTO `MovieListExperiment` VALUES ('Leatherheads');
INSERT INTO `MovieListExperiment` VALUES ('American Gangster');
INSERT INTO `MovieListExperiment` VALUES ('Trees Lounge');
INSERT INTO `MovieListExperiment` VALUES ('There Will Be Blood');
INSERT INTO `MovieListExperiment` VALUES ('Cloverfield');
INSERT INTO `MovieListExperiment` VALUES ('Hancock');
INSERT INTO `MovieListExperiment` VALUES ('Who Framed Roger Rabbit ');
INSERT INTO `MovieListExperiment` VALUES ('The Visitor');
INSERT INTO `MovieListExperiment` VALUES ('In Bruges');
INSERT INTO `MovieListExperiment` VALUES ('3:10 to Yuma');
INSERT INTO `MovieListExperiment` VALUES ('Into the Wild');
INSERT INTO `MovieListExperiment` VALUES ('The Darjeeling Limited');
INSERT INTO `MovieListExperiment` VALUES ('There Will Be Blood');
INSERT INTO `MovieListExperiment` VALUES ('Persepolis');
INSERT INTO `MovieListExperiment` VALUES ('The Kite Runner');
INSERT INTO `MovieListExperiment` VALUES ('Tropic Thunder');
INSERT INTO `MovieListExperiment` VALUES ('How to Lose Friends and Alienate People');
INSERT INTO `MovieListExperiment` VALUES ('Rocky Balboa');
INSERT INTO `MovieListExperiment` VALUES ('Wanted');
INSERT INTO `MovieListExperiment` VALUES ('Rambo');
INSERT INTO `MovieListExperiment` VALUES ('Cloverfield');
INSERT INTO `MovieListExperiment` VALUES ('Indiana Jones and the Kingdom of the Crystal Skull');
INSERT INTO `MovieListExperiment` VALUES ('Beowulf');
INSERT INTO `MovieListExperiment` VALUES ('The Visitor');
INSERT INTO `MovieListExperiment` VALUES ('88 Minutes');
INSERT INTO `MovieListExperiment` VALUES ('Pineapple Express');
INSERT INTO `MovieListExperiment` VALUES ('American Gangster');
INSERT INTO `MovieListExperiment` VALUES ('Hancock');
INSERT INTO `MovieListExperiment` VALUES ('Atonement');
INSERT INTO `MovieListExperiment` VALUES ('Sweeney Todd');
INSERT INTO `MovieListExperiment` VALUES ('Juno');
INSERT INTO `MovieListExperiment` VALUES ('Who Framed Roger Rabbit ');
INSERT INTO `MovieListExperiment` VALUES ('Good Night, and Good Luck.');
INSERT INTO `MovieListExperiment` VALUES ('The Hammer');
INSERT INTO `MovieListExperiment` VALUES ('Into the Wild');
INSERT INTO `MovieListExperiment` VALUES ('Rocky Balboa');
INSERT INTO `MovieListExperiment` VALUES ('Burn After Reading');
INSERT INTO `MovieListExperiment` VALUES ('Beowulf');
INSERT INTO `MovieListExperiment` VALUES ('Run Fatboy Run');
INSERT INTO `MovieListExperiment` VALUES ('Wanted');
INSERT INTO `MovieListExperiment` VALUES ('Step Brothers');
INSERT INTO `MovieListExperiment` VALUES ('Who Framed Roger Rabbit ');
INSERT INTO `MovieListExperiment` VALUES ('American Gangster');
INSERT INTO `MovieListExperiment` VALUES ('Cloverfield');
INSERT INTO `MovieListExperiment` VALUES ('Star Wars: The Clone Wars');
INSERT INTO `MovieListExperiment` VALUES ('There Will Be Blood');
INSERT INTO `MovieListExperiment` VALUES ('The Dark Knight');
INSERT INTO `MovieListExperiment` VALUES ('Persepolis');
INSERT INTO `MovieListExperiment` VALUES ('Speed Racer');
INSERT INTO `MovieListExperiment` VALUES ('Good Night, and Good Luck.');
INSERT INTO `MovieListExperiment` VALUES ('Pineapple Express');
INSERT INTO `MovieListExperiment` VALUES ('Be Kind Rewind');
INSERT INTO `MovieListExperiment` VALUES ('The Dark Knight');
INSERT INTO `MovieListExperiment` VALUES ('The Happening');
INSERT INTO `MovieListExperiment` VALUES ('3:10 to Yuma');
INSERT INTO `MovieListExperiment` VALUES ('WALL-E');
INSERT INTO `MovieListExperiment` VALUES ('The Visitor');
INSERT INTO `MovieListExperiment` VALUES ('Cloverfield');
INSERT INTO `MovieListExperiment` VALUES ('Michael Clayton');
INSERT INTO `MovieListExperiment` VALUES ('Kung Fu Panda');
INSERT INTO `MovieListExperiment` VALUES ('Rocky Balboa');
INSERT INTO `MovieListExperiment` VALUES ('The Kite Runner');
INSERT INTO `MovieListExperiment` VALUES ('Leatherheads');
INSERT INTO `MovieListExperiment` VALUES ('Death at a Funeral');
INSERT INTO `MovieListExperiment` VALUES ('Wanted');
INSERT INTO `MovieListExperiment` VALUES ('Atonement');
INSERT INTO `MovieListExperiment` VALUES ('Who Framed Roger Rabbit ');
INSERT INTO `MovieListExperiment` VALUES ('Rambo');
INSERT INTO `MovieListExperiment` VALUES ('Beowulf');
INSERT INTO `MovieListExperiment` VALUES ('The Visitor');
INSERT INTO `MovieListExperiment` VALUES ('Gone Baby Gone');
INSERT INTO `MovieListExperiment` VALUES ('Sleuth');
INSERT INTO `MovieListExperiment` VALUES ('Hellboy II: The Golden Army');
INSERT INTO `MovieListExperiment` VALUES ('Into the Wild');
INSERT INTO `MovieListExperiment` VALUES ('Trees Lounge');
INSERT INTO `MovieListExperiment` VALUES ('American Gangster');
INSERT INTO `MovieListExperiment` VALUES ('The Dark Knight');
INSERT INTO `MovieListExperiment` VALUES ('Sweeney Todd');
INSERT INTO `MovieListExperiment` VALUES ('Charlie Wilsons War');
INSERT INTO `MovieListExperiment` VALUES ('Pineapple Express');
INSERT INTO `MovieListExperiment` VALUES ('There Will Be Blood');
INSERT INTO `MovieListExperiment` VALUES ('Smart People');
INSERT INTO `MovieListExperiment` VALUES ('Death at a Funeral');
INSERT INTO `MovieListExperiment` VALUES ('American Gangster');
INSERT INTO `MovieListExperiment` VALUES ('Michael Clayton');
INSERT INTO `MovieListExperiment` VALUES ('Pineapple Express');
INSERT INTO `MovieListExperiment` VALUES ('Into the Wild');
INSERT INTO `MovieListExperiment` VALUES ('Step Brothers');
INSERT INTO `MovieListExperiment` VALUES ('Tropic Thunder');
INSERT INTO `MovieListExperiment` VALUES ('I Am Legend');
INSERT INTO `MovieListExperiment` VALUES ('The Incredible Hulk');
INSERT INTO `MovieListExperiment` VALUES ('Kung Fu Panda');
INSERT INTO `MovieListExperiment` VALUES ('Persepolis');
INSERT INTO `MovieListExperiment` VALUES ('3:10 to Yuma');
INSERT INTO `MovieListExperiment` VALUES ('Sleuth');
INSERT INTO `MovieListExperiment` VALUES ('Before the Devil Knows You''re Dead');
INSERT INTO `MovieListExperiment` VALUES ('Rambo');
INSERT INTO `MovieListExperiment` VALUES ('Body of Lies');
INSERT INTO `MovieListExperiment` VALUES ('Good Night, and Good Luck.');
INSERT INTO `MovieListExperiment` VALUES ('Be Kind Rewind');
INSERT INTO `MovieListExperiment` VALUES ('3:10 to Yuma');
INSERT INTO `MovieListExperiment` VALUES ('Atonement');
INSERT INTO `MovieListExperiment` VALUES ('Who Framed Roger Rabbit ');
INSERT INTO `MovieListExperiment` VALUES ('Sleuth');
INSERT INTO `MovieListExperiment` VALUES ('I Am Legend');
INSERT INTO `MovieListExperiment` VALUES ('The Chronicles of Narnia: Prince Caspian');
INSERT INTO `MovieListExperiment` VALUES ('Wanted');
INSERT INTO `MovieListExperiment` VALUES ('American Gangster');
INSERT INTO `MovieListExperiment` VALUES ('Rocky Balboa');
INSERT INTO `MovieListExperiment` VALUES ('Hancock');
INSERT INTO `MovieListExperiment` VALUES ('In Bruges');
INSERT INTO `MovieListExperiment` VALUES ('Beowulf');
INSERT INTO `MovieListExperiment` VALUES ('Eagle Eye');
INSERT INTO `MovieListExperiment` VALUES ('Wanted');
INSERT INTO `MovieListExperiment` VALUES ('The Chronicles of Narnia: Prince Caspian');
INSERT INTO `MovieListExperiment` VALUES ('Letters from Iwo Jima');
INSERT INTO `MovieListExperiment` VALUES ('Indiana Jones and the Kingdom of the Crystal Skull');
INSERT INTO `MovieListExperiment` VALUES ('You Don''t Mess with the Zohan');
INSERT INTO `MovieListExperiment` VALUES ('Michael Clayton');
INSERT INTO `MovieListExperiment` VALUES ('Juno');
INSERT INTO `MovieListExperiment` VALUES ('The Incredible Hulk');
INSERT INTO `MovieListExperiment` VALUES ('Sweeney Todd');
INSERT INTO `MovieListExperiment` VALUES ('Gone Baby Gone');
INSERT INTO `MovieListExperiment` VALUES ('In Bruges');
INSERT INTO `MovieListExperiment` VALUES ('There Will Be Blood');
INSERT INTO `MovieListExperiment` VALUES ('Iron Man');
INSERT INTO `MovieListExperiment` VALUES ('WALL-E');
INSERT INTO `MovieListExperiment` VALUES ('Tropic Thunder');
INSERT INTO `MovieListExperiment` VALUES ('The Happening');
INSERT INTO `MovieListExperiment` VALUES ('Juno');
INSERT INTO `MovieListExperiment` VALUES ('I Am Legend');
INSERT INTO `MovieListExperiment` VALUES ('The Hammer');
INSERT INTO `MovieListExperiment` VALUES ('Death at a Funeral');
INSERT INTO `MovieListExperiment` VALUES ('Pineapple Express');
INSERT INTO `MovieListExperiment` VALUES ('Step Brothers');
INSERT INTO `MovieListExperiment` VALUES ('No Country for Old Men');
INSERT INTO `MovieListExperiment` VALUES ('Speed Racer');
INSERT INTO `MovieListExperiment` VALUES ('Michael Clayton');
INSERT INTO `MovieListExperiment` VALUES ('Sweeney Todd');
INSERT INTO `MovieListExperiment` VALUES ('Run Fatboy Run');
INSERT INTO `MovieListExperiment` VALUES ('Cloverfield');
INSERT INTO `MovieListExperiment` VALUES ('The Darjeeling Limited');
INSERT INTO `MovieListExperiment` VALUES ('Atonement');
INSERT INTO `MovieListExperiment` VALUES ('Into the Wild');
INSERT INTO `MovieListExperiment` VALUES ('Hellboy II: The Golden Army');
INSERT INTO `MovieListExperiment` VALUES ('Cloverfield');
INSERT INTO `MovieListExperiment` VALUES ('Burn After Reading');
INSERT INTO `MovieListExperiment` VALUES ('Be Kind Rewind');
INSERT INTO `MovieListExperiment` VALUES ('Sweeney Todd');
INSERT INTO `MovieListExperiment` VALUES ('Letters from Iwo Jima');
INSERT INTO `MovieListExperiment` VALUES ('WALL-E');
INSERT INTO `MovieListExperiment` VALUES ('Run Fatboy Run');
INSERT INTO `MovieListExperiment` VALUES ('Charlie Wilsons War');
INSERT INTO `MovieListExperiment` VALUES ('Trees Lounge');
INSERT INTO `MovieListExperiment` VALUES ('The Hammer');
INSERT INTO `MovieListExperiment` VALUES ('Kung Fu Panda');
INSERT INTO `MovieListExperiment` VALUES ('The Dark Knight');
INSERT INTO `MovieListExperiment` VALUES ('Beowulf');
INSERT INTO `MovieListExperiment` VALUES ('Gone Baby Gone');
INSERT INTO `MovieListExperiment` VALUES ('Letters from Iwo Jima');
INSERT INTO `MovieListExperiment` VALUES ('I Am Legend');
INSERT INTO `MovieListExperiment` VALUES ('Smart People');
INSERT INTO `MovieListExperiment` VALUES ('Be Kind Rewind');
INSERT INTO `MovieListExperiment` VALUES ('The Incredible Hulk');
INSERT INTO `MovieListExperiment` VALUES ('You Don''t Mess with the Zohan');
INSERT INTO `MovieListExperiment` VALUES ('Persepolis');
INSERT INTO `MovieListExperiment` VALUES ('Leatherheads');
INSERT INTO `MovieListExperiment` VALUES ('Pineapple Express');
INSERT INTO `MovieListExperiment` VALUES ('Sleuth');
INSERT INTO `MovieListExperiment` VALUES ('Into the Wild');
INSERT INTO `MovieListExperiment` VALUES ('The Savages');
INSERT INTO `MovieListExperiment` VALUES ('Gone Baby Gone');
INSERT INTO `MovieListExperiment` VALUES ('Smart People');
INSERT INTO `MovieListExperiment` VALUES ('Be Kind Rewind');
INSERT INTO `MovieListExperiment` VALUES ('Rocky Balboa');
INSERT INTO `MovieListExperiment` VALUES ('Good Night, and Good Luck.');
INSERT INTO `MovieListExperiment` VALUES ('Into the Wild');
INSERT INTO `MovieListExperiment` VALUES ('Righteous Kill');
INSERT INTO `MovieListExperiment` VALUES ('Semi Pro');
INSERT INTO `MovieListExperiment` VALUES ('Eagle Eye');
INSERT INTO `MovieListExperiment` VALUES ('The Darjeeling Limited');
INSERT INTO `MovieListExperiment` VALUES ('Kung Fu Panda');
INSERT INTO `MovieListExperiment` VALUES ('No Country for Old Men');
INSERT INTO `MovieListExperiment` VALUES ('Letters from Iwo Jima');
INSERT INTO `MovieListExperiment` VALUES ('Beowulf');
INSERT INTO `MovieListExperiment` VALUES ('Before the Devil Knows You''re Dead');
INSERT INTO `MovieListExperiment` VALUES ('Gone Baby Gone');
INSERT INTO `MovieListExperiment` VALUES ('Michael Clayton');
INSERT INTO `MovieListExperiment` VALUES ('Rocky Balboa');
INSERT INTO `MovieListExperiment` VALUES ('Get Smart');
INSERT INTO `MovieListExperiment` VALUES ('Letters from Iwo Jima');
INSERT INTO `MovieListExperiment` VALUES ('In Bruges');
INSERT INTO `MovieListExperiment` VALUES ('Trees Lounge');
INSERT INTO `MovieListExperiment` VALUES ('Before the Devil Knows You''re Dead');
INSERT INTO `MovieListExperiment` VALUES ('Iron Man');
INSERT INTO `MovieListExperiment` VALUES ('Pineapple Express');
INSERT INTO `MovieListExperiment` VALUES ('WALL-E');
INSERT INTO `MovieListExperiment` VALUES ('Hellboy II: The Golden Army');
INSERT INTO `MovieListExperiment` VALUES ('Indiana Jones and the Kingdom of the Crystal Skull');
INSERT INTO `MovieListExperiment` VALUES ('Good Night, and Good Luck.');
INSERT INTO `MovieListExperiment` VALUES ('American Gangster');
INSERT INTO `MovieListExperiment` VALUES ('Good Night, and Good Luck.');
INSERT INTO `MovieListExperiment` VALUES ('The Dark Knight');
INSERT INTO `MovieListExperiment` VALUES ('Trees Lounge');
INSERT INTO `MovieListExperiment` VALUES ('Before the Devil Knows You''re Dead');
INSERT INTO `MovieListExperiment` VALUES ('Iron Man');
INSERT INTO `MovieListExperiment` VALUES ('Sleuth');
INSERT INTO `MovieListExperiment` VALUES ('Hellboy II: The Golden Army');
INSERT INTO `MovieListExperiment` VALUES ('Be Kind Rewind');
INSERT INTO `MovieListExperiment` VALUES ('Beowulf');
INSERT INTO `MovieListExperiment` VALUES ('Persepolis');
INSERT INTO `MovieListExperiment` VALUES ('Body of Lies');
INSERT INTO `MovieListExperiment` VALUES ('3:10 to Yuma');
INSERT INTO `MovieListExperiment` VALUES ('The Visitor');
INSERT INTO `MovieListExperiment` VALUES ('Into the Wild');
INSERT INTO `MovieListExperiment` VALUES ('The Darjeeling Limited');
INSERT INTO `MovieListExperiment` VALUES ('No Country for Old Men');
INSERT INTO `MovieListExperiment` VALUES ('The Dark Knight');
INSERT INTO `MovieListExperiment` VALUES ('The Savages');
INSERT INTO `MovieListExperiment` VALUES ('Indiana Jones and the Kingdom of the Crystal Skull');
INSERT INTO `MovieListExperiment` VALUES ('In Bruges');
INSERT INTO `MovieListExperiment` VALUES ('Hellboy II: The Golden Army');
INSERT INTO `MovieListExperiment` VALUES ('Persepolis');
INSERT INTO `MovieListExperiment` VALUES ('Beowulf');
INSERT INTO `MovieListExperiment` VALUES ('Iron Man');
INSERT INTO `MovieListExperiment` VALUES ('Death at a Funeral');
INSERT INTO `MovieListExperiment` VALUES ('Trees Lounge');
INSERT INTO `MovieListExperiment` VALUES ('Atonement');
INSERT INTO `MovieListExperiment` VALUES ('The Chronicles of Narnia: Prince Caspian');
INSERT INTO `MovieListExperiment` VALUES ('There Will Be Blood');
INSERT INTO `MovieListExperiment` VALUES ('The Hammer');
INSERT INTO `MovieListExperiment` VALUES ('The Visitor');
INSERT INTO `MovieListExperiment` VALUES ('Hellboy II: The Golden Army');
INSERT INTO `MovieListExperiment` VALUES ('Juno');
INSERT INTO `MovieListExperiment` VALUES ('Indiana Jones and the Kingdom of the Crystal Skull');
INSERT INTO `MovieListExperiment` VALUES ('Trees Lounge');
INSERT INTO `MovieListExperiment` VALUES ('Persepolis');
INSERT INTO `MovieListExperiment` VALUES ('WALL-E');
INSERT INTO `MovieListExperiment` VALUES ('Gone Baby Gone');
INSERT INTO `MovieListExperiment` VALUES ('Death at a Funeral');
INSERT INTO `MovieListExperiment` VALUES ('Good Night, and Good Luck.');
INSERT INTO `MovieListExperiment` VALUES ('The Hammer');
INSERT INTO `MovieListExperiment` VALUES ('Sweeney Todd');
INSERT INTO `MovieListExperiment` VALUES ('Letters from Iwo Jima');
INSERT INTO `MovieListExperiment` VALUES ('Atonement');
INSERT INTO `MovieListExperiment` VALUES ('Charlie Wilsons War');
INSERT INTO `MovieListExperiment` VALUES ('Juno');
INSERT INTO `MovieListExperiment` VALUES ('Who Framed Roger Rabbit ');
INSERT INTO `MovieListExperiment` VALUES ('I Am Legend');
INSERT INTO `MovieListExperiment` VALUES ('WALL-E');
INSERT INTO `MovieListExperiment` VALUES ('Letters from Iwo Jima');
INSERT INTO `MovieListExperiment` VALUES ('Sweeney Todd');
INSERT INTO `MovieListExperiment` VALUES ('Persepolis');
INSERT INTO `MovieListExperiment` VALUES ('The Chronicles of Narnia: Prince Caspian');
INSERT INTO `MovieListExperiment` VALUES ('Wanted');
INSERT INTO `MovieListExperiment` VALUES ('There Will Be Blood');
INSERT INTO `MovieListExperiment` VALUES ('Into the Wild');
INSERT INTO `MovieListExperiment` VALUES ('Michael Clayton');
INSERT INTO `MovieListExperiment` VALUES ('In Bruges');
INSERT INTO `MovieListExperiment` VALUES ('The Visitor');
INSERT INTO `MovieListExperiment` VALUES ('The Dark Knight');
INSERT INTO `MovieListExperiment` VALUES ('Gone Baby Gone');
INSERT INTO `MovieListExperiment` VALUES ('Charlie Wilsons War');
INSERT INTO `MovieListExperiment` VALUES ('There Will Be Blood');
INSERT INTO `MovieListExperiment` VALUES ('Letters from Iwo Jima');
INSERT INTO `MovieListExperiment` VALUES ('The Darjeeling Limited');
INSERT INTO `MovieListExperiment` VALUES ('The Savages');
INSERT INTO `MovieListExperiment` VALUES ('Semi Pro');
INSERT INTO `MovieListExperiment` VALUES ('No Country for Old Men');
INSERT INTO `MovieListExperiment` VALUES ('The Hammer');
INSERT INTO `MovieListExperiment` VALUES ('Sweeney Todd');
INSERT INTO `MovieListExperiment` VALUES ('Michael Clayton');
INSERT INTO `MovieListExperiment` VALUES ('Persepolis');
INSERT INTO `MovieListExperiment` VALUES ('Who Framed Roger Rabbit ');
INSERT INTO `MovieListExperiment` VALUES ('Run Fatboy Run');
INSERT INTO `MovieListExperiment` VALUES ('3:10 to Yuma');
INSERT INTO `MovieListExperiment` VALUES ('Pineapple Express');
INSERT INTO `MovieListExperiment` VALUES ('Semi Pro');
INSERT INTO `MovieListExperiment` VALUES ('Sweeney Todd');
INSERT INTO `MovieListExperiment` VALUES ('Persepolis');
INSERT INTO `MovieListExperiment` VALUES ('WALL-E');
INSERT INTO `MovieListExperiment` VALUES ('You Don''t Mess with the Zohan');
INSERT INTO `MovieListExperiment` VALUES ('Hancock');
INSERT INTO `MovieListExperiment` VALUES ('Juno');
INSERT INTO `MovieListExperiment` VALUES ('No Country for Old Men');
INSERT INTO `MovieListExperiment` VALUES ('Gone Baby Gone');
INSERT INTO `MovieListExperiment` VALUES ('Tropic Thunder');
INSERT INTO `MovieListExperiment` VALUES ('The Savages');
INSERT INTO `MovieListExperiment` VALUES ('The Chronicles of Narnia: Prince Caspian');
INSERT INTO `MovieListExperiment` VALUES ('Who Framed Roger Rabbit ');
INSERT INTO `MovieListExperiment` VALUES ('The Visitor');
INSERT INTO `MovieListExperiment` VALUES ('Kung Fu Panda');
INSERT INTO `MovieListExperiment` VALUES ('Rocky Balboa');
INSERT INTO `MovieListExperiment` VALUES ('The Kite Runner');
INSERT INTO `MovieListExperiment` VALUES ('Sweeney Todd');
INSERT INTO `MovieListExperiment` VALUES ('Charlie Wilsons War');
INSERT INTO `MovieListExperiment` VALUES ('Atonement');
INSERT INTO `MovieListExperiment` VALUES ('The Incredible Hulk');
INSERT INTO `MovieListExperiment` VALUES ('Juno');
INSERT INTO `MovieListExperiment` VALUES ('The X-Files: I Want to Believe');
INSERT INTO `MovieListExperiment` VALUES ('The Savages');
INSERT INTO `MovieListExperiment` VALUES ('3:10 to Yuma');
INSERT INTO `MovieListExperiment` VALUES ('The Visitor');
INSERT INTO `MovieListExperiment` VALUES ('Who Framed Roger Rabbit ');
INSERT INTO `MovieListExperiment` VALUES ('Be Kind Rewind');
INSERT INTO `MovieListExperiment` VALUES ('Trees Lounge');
INSERT INTO `MovieListExperiment` VALUES ('Cloverfield');
INSERT INTO `MovieListExperiment` VALUES ('Who Framed Roger Rabbit ');
INSERT INTO `MovieListExperiment` VALUES ('Gone Baby Gone');
INSERT INTO `MovieListExperiment` VALUES ('Before the Devil Knows You''re Dead');
INSERT INTO `MovieListExperiment` VALUES ('Death at a Funeral');
INSERT INTO `MovieListExperiment` VALUES ('Sleuth');
INSERT INTO `MovieListExperiment` VALUES ('There Will Be Blood');
INSERT INTO `MovieListExperiment` VALUES ('Tropic Thunder');
INSERT INTO `MovieListExperiment` VALUES ('Rocky Balboa');
INSERT INTO `MovieListExperiment` VALUES ('Juno');
INSERT INTO `MovieListExperiment` VALUES ('Sweeney Todd');
INSERT INTO `MovieListExperiment` VALUES ('Into the Wild');
INSERT INTO `MovieListExperiment` VALUES ('Kung Fu Panda');
INSERT INTO `MovieListExperiment` VALUES ('Body of Lies');
INSERT INTO `MovieListExperiment` VALUES ('The Savages');
INSERT INTO `MovieListExperiment` VALUES ('American Gangster');
INSERT INTO `MovieListExperiment` VALUES ('The Hammer');
INSERT INTO `MovieListExperiment` VALUES ('Body of Lies');
INSERT INTO `MovieListExperiment` VALUES ('Into the Wild');
INSERT INTO `MovieListExperiment` VALUES ('Smart People');
INSERT INTO `MovieListExperiment` VALUES ('Leatherheads');
INSERT INTO `MovieListExperiment` VALUES ('Indiana Jones and the Kingdom of the Crystal Skull');
INSERT INTO `MovieListExperiment` VALUES ('The Savages');
INSERT INTO `MovieListExperiment` VALUES ('Good Night, and Good Luck.');
INSERT INTO `MovieListExperiment` VALUES ('No Country for Old Men');
INSERT INTO `MovieListExperiment` VALUES ('Sweeney Todd');
INSERT INTO `MovieListExperiment` VALUES ('Rocky Balboa');
INSERT INTO `MovieListExperiment` VALUES ('Step Brothers');
INSERT INTO `MovieListExperiment` VALUES ('Wanted');
INSERT INTO `MovieListExperiment` VALUES ('Sleuth');
INSERT INTO `MovieListExperiment` VALUES ('Wanted');
INSERT INTO `MovieListExperiment` VALUES ('Trees Lounge');
INSERT INTO `MovieListExperiment` VALUES ('The Happening');
INSERT INTO `MovieListExperiment` VALUES ('You Don''t Mess with the Zohan');
INSERT INTO `MovieListExperiment` VALUES ('Leatherheads');
INSERT INTO `MovieListExperiment` VALUES ('The Hammer');
INSERT INTO `MovieListExperiment` VALUES ('Who Framed Roger Rabbit ');
INSERT INTO `MovieListExperiment` VALUES ('Hellboy II: The Golden Army');
INSERT INTO `MovieListExperiment` VALUES ('Death at a Funeral');
INSERT INTO `MovieListExperiment` VALUES ('No Country for Old Men');
INSERT INTO `MovieListExperiment` VALUES ('Rambo');
INSERT INTO `MovieListExperiment` VALUES ('The Kite Runner');
INSERT INTO `MovieListExperiment` VALUES ('Atonement');
INSERT INTO `MovieListExperiment` VALUES ('Get Smart');
INSERT INTO `MovieListExperiment` VALUES ('Michael Clayton');
INSERT INTO `MovieListExperiment` VALUES ('Wanted');
INSERT INTO `MovieListExperiment` VALUES ('Sweeney Todd');
INSERT INTO `MovieListExperiment` VALUES ('The Dark Knight');
INSERT INTO `MovieListExperiment` VALUES ('WALL-E');
INSERT INTO `MovieListExperiment` VALUES ('Run Fatboy Run');
INSERT INTO `MovieListExperiment` VALUES ('American Gangster');
INSERT INTO `MovieListExperiment` VALUES ('Charlie Wilsons War');
INSERT INTO `MovieListExperiment` VALUES ('Indiana Jones and the Kingdom of the Crystal Skull');
INSERT INTO `MovieListExperiment` VALUES ('Speed Racer');
INSERT INTO `MovieListExperiment` VALUES ('The Visitor');
INSERT INTO `MovieListExperiment` VALUES ('Atonement');
INSERT INTO `MovieListExperiment` VALUES ('The Savages');
INSERT INTO `MovieListExperiment` VALUES ('Good Night, and Good Luck.');
INSERT INTO `MovieListExperiment` VALUES ('Step Brothers');
INSERT INTO `MovieListExperiment` VALUES ('Kung Fu Panda');
INSERT INTO `MovieListExperiment` VALUES ('Get Smart');
INSERT INTO `MovieListExperiment` VALUES ('The Visitor');
INSERT INTO `MovieListExperiment` VALUES ('American Gangster');
INSERT INTO `MovieListExperiment` VALUES ('Michael Clayton');
INSERT INTO `MovieListExperiment` VALUES ('The Kite Runner');
INSERT INTO `MovieListExperiment` VALUES ('Indiana Jones and the Kingdom of the Crystal Skull');
INSERT INTO `MovieListExperiment` VALUES ('Who Framed Roger Rabbit ');
INSERT INTO `MovieListExperiment` VALUES ('3:10 to Yuma');
INSERT INTO `MovieListExperiment` VALUES ('Wanted');
INSERT INTO `MovieListExperiment` VALUES ('Burn After Reading');
INSERT INTO `MovieListExperiment` VALUES ('Be Kind Rewind');
INSERT INTO `MovieListExperiment` VALUES ('Persepolis');
INSERT INTO `MovieListExperiment` VALUES ('Kung Fu Panda');
INSERT INTO `MovieListExperiment` VALUES ('Charlie Wilsons War');
INSERT INTO `MovieListExperiment` VALUES ('You Don''t Mess with the Zohan');
INSERT INTO `MovieListExperiment` VALUES ('The X-Files: I Want to Believe');
INSERT INTO `MovieListExperiment` VALUES ('Who Framed Roger Rabbit ');
INSERT INTO `MovieListExperiment` VALUES ('Speed Racer');
INSERT INTO `MovieListExperiment` VALUES ('Gone Baby Gone');
INSERT INTO `MovieListExperiment` VALUES ('Persepolis');
INSERT INTO `MovieListExperiment` VALUES ('Rocky Balboa');
INSERT INTO `MovieListExperiment` VALUES ('No Country for Old Men');
INSERT INTO `MovieListExperiment` VALUES ('3:10 to Yuma');
INSERT INTO `MovieListExperiment` VALUES ('You Don''t Mess with the Zohan');
INSERT INTO `MovieListExperiment` VALUES ('Cloverfield');
INSERT INTO `MovieListExperiment` VALUES ('In Bruges');
INSERT INTO `MovieListExperiment` VALUES ('Tropic Thunder');
INSERT INTO `MovieListExperiment` VALUES ('Indiana Jones and the Kingdom of the Crystal Skull');
INSERT INTO `MovieListExperiment` VALUES ('Atonement');
INSERT INTO `MovieListExperiment` VALUES ('Before the Devil Knows You''re Dead');
INSERT INTO `MovieListExperiment` VALUES ('Burn After Reading');
INSERT INTO `MovieListExperiment` VALUES ('There Will Be Blood');
INSERT INTO `MovieListExperiment` VALUES ('Letters from Iwo Jima');
INSERT INTO `MovieListExperiment` VALUES ('Speed Racer');
INSERT INTO `MovieListExperiment` VALUES ('Leatherheads');
INSERT INTO `MovieListExperiment` VALUES ('Iron Man');
INSERT INTO `MovieListExperiment` VALUES ('How to Lose Friends and Alienate People');
INSERT INTO `MovieListExperiment` VALUES ('Atonement');
INSERT INTO `MovieListExperiment` VALUES ('Rocky Balboa');
INSERT INTO `MovieListExperiment` VALUES ('Who Framed Roger Rabbit ');
INSERT INTO `MovieListExperiment` VALUES ('Kung Fu Panda');
INSERT INTO `MovieListExperiment` VALUES ('The Dark Knight');
INSERT INTO `MovieListExperiment` VALUES ('The Incredible Hulk');
INSERT INTO `MovieListExperiment` VALUES ('Michael Clayton');
INSERT INTO `MovieListExperiment` VALUES ('Indiana Jones and the Kingdom of the Crystal Skull');
INSERT INTO `MovieListExperiment` VALUES ('Persepolis');
INSERT INTO `MovieListExperiment` VALUES ('Get Smart');
INSERT INTO `MovieListExperiment` VALUES ('Atonement');
INSERT INTO `MovieListExperiment` VALUES ('The Visitor');
INSERT INTO `MovieListExperiment` VALUES ('Wanted');
INSERT INTO `MovieListExperiment` VALUES ('The Chronicles of Narnia: Prince Caspian');
INSERT INTO `MovieListExperiment` VALUES ('Body of Lies');
INSERT INTO `MovieListExperiment` VALUES ('Good Night, and Good Luck.');
INSERT INTO `MovieListExperiment` VALUES ('Indiana Jones and the Kingdom of the Crystal Skull');
INSERT INTO `MovieListExperiment` VALUES ('Rocky Balboa');
INSERT INTO `MovieListExperiment` VALUES ('Before the Devil Knows You''re Dead');
INSERT INTO `MovieListExperiment` VALUES ('Michael Clayton');
INSERT INTO `MovieListExperiment` VALUES ('Beowulf');
INSERT INTO `MovieListExperiment` VALUES ('Sweeney Todd');
INSERT INTO `MovieListExperiment` VALUES ('There Will Be Blood');
INSERT INTO `MovieListExperiment` VALUES ('Body of Lies');
INSERT INTO `MovieListExperiment` VALUES ('Persepolis');
INSERT INTO `MovieListExperiment` VALUES ('The Dark Knight');
INSERT INTO `MovieListExperiment` VALUES ('Charlie Wilsons War');
INSERT INTO `MovieListExperiment` VALUES ('Letters from Iwo Jima');
INSERT INTO `MovieListExperiment` VALUES ('Good Night, and Good Luck.');
INSERT INTO `MovieListExperiment` VALUES ('I Am Legend');
INSERT INTO `MovieListExperiment` VALUES ('Michael Clayton');
INSERT INTO `MovieListExperiment` VALUES ('The Chronicles of Narnia: Prince Caspian');
INSERT INTO `MovieListExperiment` VALUES ('Indiana Jones and the Kingdom of the Crystal Skull');
INSERT INTO `MovieListExperiment` VALUES ('No Country for Old Men');
INSERT INTO `MovieListExperiment` VALUES ('WALL-E');
INSERT INTO `MovieListExperiment` VALUES ('Smart People');
INSERT INTO `MovieListExperiment` VALUES ('Run Fatboy Run');
INSERT INTO `MovieListExperiment` VALUES ('Step Brothers');
INSERT INTO `MovieListExperiment` VALUES ('Burn After Reading');
INSERT INTO `MovieListExperiment` VALUES ('Pineapple Express');
INSERT INTO `MovieListExperiment` VALUES ('Letters from Iwo Jima');
INSERT INTO `MovieListExperiment` VALUES ('Tropic Thunder');
INSERT INTO `MovieListExperiment` VALUES ('The Savages');
INSERT INTO `MovieListExperiment` VALUES ('Kung Fu Panda');
INSERT INTO `MovieListExperiment` VALUES ('Rocky Balboa');
INSERT INTO `MovieListExperiment` VALUES ('No Country for Old Men');
INSERT INTO `MovieListExperiment` VALUES ('Cloverfield');
INSERT INTO `MovieListExperiment` VALUES ('Beowulf');
INSERT INTO `MovieListExperiment` VALUES ('There Will Be Blood');
INSERT INTO `MovieListExperiment` VALUES ('Get Smart');
INSERT INTO `MovieListExperiment` VALUES ('Run Fatboy Run');
INSERT INTO `MovieListExperiment` VALUES ('Sleuth');
INSERT INTO `MovieListExperiment` VALUES ('Be Kind Rewind');
INSERT INTO `MovieListExperiment` VALUES ('Juno');
INSERT INTO `MovieListExperiment` VALUES ('The Savages');
INSERT INTO `MovieListExperiment` VALUES ('Kung Fu Panda');
INSERT INTO `MovieListExperiment` VALUES ('American Gangster');
INSERT INTO `MovieListExperiment` VALUES ('Persepolis');
INSERT INTO `MovieListExperiment` VALUES ('Cloverfield');
INSERT INTO `MovieListExperiment` VALUES ('Death at a Funeral');
INSERT INTO `MovieListExperiment` VALUES ('The Visitor');
INSERT INTO `MovieListExperiment` VALUES ('Smart People');
INSERT INTO `MovieListExperiment` VALUES ('Beowulf');
INSERT INTO `MovieListExperiment` VALUES ('The Darjeeling Limited');
INSERT INTO `MovieListExperiment` VALUES ('There Will Be Blood');
INSERT INTO `MovieListExperiment` VALUES ('Good Night, and Good Luck.');
INSERT INTO `MovieListExperiment` VALUES ('Who Framed Roger Rabbit ');
INSERT INTO `MovieListExperiment` VALUES ('No Country for Old Men');
INSERT INTO `MovieListExperiment` VALUES ('Leatherheads');
INSERT INTO `MovieListExperiment` VALUES ('WALL-E');
INSERT INTO `MovieListExperiment` VALUES ('Death at a Funeral');
INSERT INTO `MovieListExperiment` VALUES ('Rambo');
INSERT INTO `MovieListExperiment` VALUES ('The Visitor');
INSERT INTO `MovieListExperiment` VALUES ('Hellboy II: The Golden Army');
INSERT INTO `MovieListExperiment` VALUES ('Iron Man');
INSERT INTO `MovieListExperiment` VALUES ('The Dark Knight');
INSERT INTO `MovieListExperiment` VALUES ('The Hammer');
INSERT INTO `MovieListExperiment` VALUES ('You Don''t Mess with the Zohan');
INSERT INTO `MovieListExperiment` VALUES ('Juno');
INSERT INTO `MovieListExperiment` VALUES ('Smart People');
INSERT INTO `MovieListExperiment` VALUES ('3:10 to Yuma');
INSERT INTO `MovieListExperiment` VALUES ('Before the Devil Knows You''re Dead');
INSERT INTO `MovieListExperiment` VALUES ('Tropic Thunder');
INSERT INTO `MovieListExperiment` VALUES ('No Country for Old Men');
INSERT INTO `MovieListExperiment` VALUES ('How to Lose Friends and Alienate People');
INSERT INTO `MovieListExperiment` VALUES ('Eagle Eye');
INSERT INTO `MovieListExperiment` VALUES ('Be Kind Rewind');
INSERT INTO `MovieListExperiment` VALUES ('There Will Be Blood');
INSERT INTO `MovieListExperiment` VALUES ('Tropic Thunder');
INSERT INTO `MovieListExperiment` VALUES ('Iron Man');
INSERT INTO `MovieListExperiment` VALUES ('Smart People');
INSERT INTO `MovieListExperiment` VALUES ('Hellboy II: The Golden Army');
INSERT INTO `MovieListExperiment` VALUES ('The Visitor');
INSERT INTO `MovieListExperiment` VALUES ('The Incredible Hulk');
INSERT INTO `MovieListExperiment` VALUES ('Gone Baby Gone');
INSERT INTO `MovieListExperiment` VALUES ('The Dark Knight');
INSERT INTO `MovieListExperiment` VALUES ('Burn After Reading');
INSERT INTO `MovieListExperiment` VALUES ('Michael Clayton');
INSERT INTO `MovieListExperiment` VALUES ('Kung Fu Panda');
INSERT INTO `MovieListExperiment` VALUES ('Persepolis');
INSERT INTO `MovieListExperiment` VALUES ('The Savages');
INSERT INTO `MovieListExperiment` VALUES ('Trees Lounge');
INSERT INTO `MovieListExperiment` VALUES ('American Gangster');
INSERT INTO `MovieListExperiment` VALUES ('The Kite Runner');
INSERT INTO `MovieListExperiment` VALUES ('No Country for Old Men');
INSERT INTO `MovieListExperiment` VALUES ('The Darjeeling Limited');
INSERT INTO `MovieListExperiment` VALUES ('The Happening');
INSERT INTO `MovieListExperiment` VALUES ('Leatherheads');
INSERT INTO `MovieListExperiment` VALUES ('Atonement');
INSERT INTO `MovieListExperiment` VALUES ('The Incredible Hulk');
INSERT INTO `MovieListExperiment` VALUES ('Charlie Wilsons War');
INSERT INTO `MovieListExperiment` VALUES ('The Hammer');
INSERT INTO `MovieListExperiment` VALUES ('Tropic Thunder');
INSERT INTO `MovieListExperiment` VALUES ('Good Night, and Good Luck.');
INSERT INTO `MovieListExperiment` VALUES ('Iron Man');
INSERT INTO `MovieListExperiment` VALUES ('Charlie Wilsons War');
INSERT INTO `MovieListExperiment` VALUES ('Letters from Iwo Jima');
INSERT INTO `MovieListExperiment` VALUES ('Trees Lounge');
INSERT INTO `MovieListExperiment` VALUES ('The Visitor');
INSERT INTO `MovieListExperiment` VALUES ('Rocky Balboa');
INSERT INTO `MovieListExperiment` VALUES ('Sweeney Todd');
INSERT INTO `MovieListExperiment` VALUES ('3:10 to Yuma');
INSERT INTO `MovieListExperiment` VALUES ('The Savages');
INSERT INTO `MovieListExperiment` VALUES ('The Dark Knight');
INSERT INTO `MovieListExperiment` VALUES ('The Kite Runner');
INSERT INTO `MovieListExperiment` VALUES ('Michael Clayton');
INSERT INTO `MovieListExperiment` VALUES ('Body of Lies');
INSERT INTO `MovieListExperiment` VALUES ('American Gangster');
INSERT INTO `MovieListExperiment` VALUES ('The Chronicles of Narnia: Prince Caspian');
INSERT INTO `MovieListExperiment` VALUES ('Michael Clayton');
INSERT INTO `MovieListExperiment` VALUES ('Letters from Iwo Jima');
INSERT INTO `MovieListExperiment` VALUES ('Into the Wild');
INSERT INTO `MovieListExperiment` VALUES ('Kung Fu Panda');
INSERT INTO `MovieListExperiment` VALUES ('Get Smart');
INSERT INTO `MovieListExperiment` VALUES ('Eagle Eye');
INSERT INTO `MovieListExperiment` VALUES ('Indiana Jones and the Kingdom of the Crystal Skull');
INSERT INTO `MovieListExperiment` VALUES ('Charlie Wilsons War');
INSERT INTO `MovieListExperiment` VALUES ('I Am Legend');
INSERT INTO `MovieListExperiment` VALUES ('Atonement');
INSERT INTO `MovieListExperiment` VALUES ('The Darjeeling Limited');
INSERT INTO `MovieListExperiment` VALUES ('Death at a Funeral');
INSERT INTO `MovieListExperiment` VALUES ('Good Night, and Good Luck.');
INSERT INTO `MovieListExperiment` VALUES ('Before the Devil Knows You''re Dead');
INSERT INTO `MovieListExperiment` VALUES ('There Will Be Blood');
INSERT INTO `MovieListExperiment` VALUES ('Eagle Eye');
INSERT INTO `MovieListExperiment` VALUES ('Indiana Jones and the Kingdom of the Crystal Skull');
INSERT INTO `MovieListExperiment` VALUES ('Vantage Point');
INSERT INTO `MovieListExperiment` VALUES ('Death at a Funeral');
INSERT INTO `MovieListExperiment` VALUES ('Burn After Reading');
INSERT INTO `MovieListExperiment` VALUES ('The Kite Runner');
INSERT INTO `MovieListExperiment` VALUES ('Letters from Iwo Jima');
INSERT INTO `MovieListExperiment` VALUES ('Be Kind Rewind');
INSERT INTO `MovieListExperiment` VALUES ('Gone Baby Gone');
INSERT INTO `MovieListExperiment` VALUES ('Who Framed Roger Rabbit ');
INSERT INTO `MovieListExperiment` VALUES ('Cloverfield');
INSERT INTO `MovieListExperiment` VALUES ('Iron Man');
INSERT INTO `MovieListExperiment` VALUES ('The Hammer');
INSERT INTO `MovieListExperiment` VALUES ('Tropic Thunder');
INSERT INTO `MovieListExperiment` VALUES ('The Incredible Hulk');
INSERT INTO `MovieListExperiment` VALUES ('Kung Fu Panda');
INSERT INTO `MovieListExperiment` VALUES ('Hancock');
INSERT INTO `MovieListExperiment` VALUES ('3:10 to Yuma');
INSERT INTO `MovieListExperiment` VALUES ('No Country for Old Men');
INSERT INTO `MovieListExperiment` VALUES ('Michael Clayton');
INSERT INTO `MovieListExperiment` VALUES ('Vantage Point');
INSERT INTO `MovieListExperiment` VALUES ('The Savages');
INSERT INTO `MovieListExperiment` VALUES ('The Dark Knight');
INSERT INTO `MovieListExperiment` VALUES ('Good Night, and Good Luck.');
INSERT INTO `MovieListExperiment` VALUES ('The Kite Runner');
INSERT INTO `MovieListExperiment` VALUES ('Pineapple Express');
INSERT INTO `MovieListExperiment` VALUES ('American Gangster');
INSERT INTO `MovieListExperiment` VALUES ('The X-Files: I Want to Believe');
INSERT INTO `MovieListExperiment` VALUES ('Persepolis');
INSERT INTO `MovieListExperiment` VALUES ('Persepolis');
INSERT INTO `MovieListExperiment` VALUES ('I Am Legend');
INSERT INTO `MovieListExperiment` VALUES ('The Visitor');
INSERT INTO `MovieListExperiment` VALUES ('The Incredible Hulk');
INSERT INTO `MovieListExperiment` VALUES ('Rocky Balboa');
INSERT INTO `MovieListExperiment` VALUES ('Michael Clayton');
INSERT INTO `MovieListExperiment` VALUES ('Cloverfield');
INSERT INTO `MovieListExperiment` VALUES ('Death at a Funeral');
INSERT INTO `MovieListExperiment` VALUES ('Tropic Thunder');
INSERT INTO `MovieListExperiment` VALUES ('Trees Lounge');
INSERT INTO `MovieListExperiment` VALUES ('Good Night, and Good Luck.');
INSERT INTO `MovieListExperiment` VALUES ('Charlie Wilsons War');
INSERT INTO `MovieListExperiment` VALUES ('Be Kind Rewind');
INSERT INTO `MovieListExperiment` VALUES ('The Dark Knight');
INSERT INTO `MovieListExperiment` VALUES ('3:10 to Yuma');
INSERT INTO `MovieListExperiment` VALUES ('The Incredible Hulk');
INSERT INTO `MovieListExperiment` VALUES ('There Will Be Blood');
INSERT INTO `MovieListExperiment` VALUES ('WALL-E');
INSERT INTO `MovieListExperiment` VALUES ('Into the Wild');
INSERT INTO `MovieListExperiment` VALUES ('Be Kind Rewind');
INSERT INTO `MovieListExperiment` VALUES ('Before the Devil Knows You''re Dead');
INSERT INTO `MovieListExperiment` VALUES ('The Visitor');
INSERT INTO `MovieListExperiment` VALUES ('Sweeney Todd');
INSERT INTO `MovieListExperiment` VALUES ('Rocky Balboa');
INSERT INTO `MovieListExperiment` VALUES ('American Gangster');
INSERT INTO `MovieListExperiment` VALUES ('How to Lose Friends and Alienate People');
INSERT INTO `MovieListExperiment` VALUES ('Smart People');
INSERT INTO `MovieListExperiment` VALUES ('Burn After Reading');
INSERT INTO `MovieListExperiment` VALUES ('Good Night, and Good Luck.');
INSERT INTO `MovieListExperiment` VALUES ('Death at a Funeral');
INSERT INTO `MovieListExperiment` VALUES ('The Visitor');
INSERT INTO `MovieListExperiment` VALUES ('Get Smart');
INSERT INTO `MovieListExperiment` VALUES ('Beowulf');
INSERT INTO `MovieListExperiment` VALUES ('I Am Legend');
INSERT INTO `MovieListExperiment` VALUES ('No Country for Old Men');
INSERT INTO `MovieListExperiment` VALUES ('Before the Devil Knows You''re Dead');
INSERT INTO `MovieListExperiment` VALUES ('Charlie Wilsons War');
INSERT INTO `MovieListExperiment` VALUES ('Eagle Eye');
INSERT INTO `MovieListExperiment` VALUES ('WALL-E');
INSERT INTO `MovieListExperiment` VALUES ('Trees Lounge');
INSERT INTO `MovieListExperiment` VALUES ('Letters from Iwo Jima');
INSERT INTO `MovieListExperiment` VALUES ('In Bruges');
INSERT INTO `MovieListExperiment` VALUES ('Good Night, and Good Luck.');
INSERT INTO `MovieListExperiment` VALUES ('Wanted');
INSERT INTO `MovieListExperiment` VALUES ('Sweeney Todd');
INSERT INTO `MovieListExperiment` VALUES ('The X-Files: I Want to Believe');
INSERT INTO `MovieListExperiment` VALUES ('Good Night, and Good Luck.');
INSERT INTO `MovieListExperiment` VALUES ('Pineapple Express');
INSERT INTO `MovieListExperiment` VALUES ('The Kite Runner');
INSERT INTO `MovieListExperiment` VALUES ('The Dark Knight');
INSERT INTO `MovieListExperiment` VALUES ('In Bruges');
INSERT INTO `MovieListExperiment` VALUES ('Who Framed Roger Rabbit ');
INSERT INTO `MovieListExperiment` VALUES ('The Darjeeling Limited');
INSERT INTO `MovieListExperiment` VALUES ('Tropic Thunder');
INSERT INTO `MovieListExperiment` VALUES ('Wanted');
INSERT INTO `MovieListExperiment` VALUES ('Step Brothers');
INSERT INTO `MovieListExperiment` VALUES ('Semi Pro');
INSERT INTO `MovieListExperiment` VALUES ('Letters from Iwo Jima');
INSERT INTO `MovieListExperiment` VALUES ('Speed Racer');
INSERT INTO `MovieListExperiment` VALUES ('Iron Man');
INSERT INTO `MovieListExperiment` VALUES ('Into the Wild');
INSERT INTO `MovieListExperiment` VALUES ('Letters from Iwo Jima');
INSERT INTO `MovieListExperiment` VALUES ('Step Brothers');
INSERT INTO `MovieListExperiment` VALUES ('Trees Lounge');
INSERT INTO `MovieListExperiment` VALUES ('Death at a Funeral');
INSERT INTO `MovieListExperiment` VALUES ('Vantage Point');
INSERT INTO `MovieListExperiment` VALUES ('Sweeney Todd');
INSERT INTO `MovieListExperiment` VALUES ('3:10 to Yuma');
INSERT INTO `MovieListExperiment` VALUES ('Speed Racer');
INSERT INTO `MovieListExperiment` VALUES ('Kung Fu Panda');
INSERT INTO `MovieListExperiment` VALUES ('Before the Devil Knows You''re Dead');
INSERT INTO `MovieListExperiment` VALUES ('WALL-E');
INSERT INTO `MovieListExperiment` VALUES ('Rocky Balboa');
INSERT INTO `MovieListExperiment` VALUES ('The Darjeeling Limited');
INSERT INTO `MovieListExperiment` VALUES ('Pineapple Express');
INSERT INTO `MovieListExperiment` VALUES ('The Chronicles of Narnia: Prince Caspian');
INSERT INTO `MovieListExperiment` VALUES ('Before the Devil Knows You''re Dead');
INSERT INTO `MovieListExperiment` VALUES ('Letters from Iwo Jima');
INSERT INTO `MovieListExperiment` VALUES ('Rocky Balboa');
INSERT INTO `MovieListExperiment` VALUES ('Indiana Jones and the Kingdom of the Crystal Skull');
INSERT INTO `MovieListExperiment` VALUES ('No Country for Old Men');
INSERT INTO `MovieListExperiment` VALUES ('Righteous Kill');
INSERT INTO `MovieListExperiment` VALUES ('Burn After Reading');
INSERT INTO `MovieListExperiment` VALUES ('Gone Baby Gone');
INSERT INTO `MovieListExperiment` VALUES ('Pineapple Express');
INSERT INTO `MovieListExperiment` VALUES ('Wanted');
INSERT INTO `MovieListExperiment` VALUES ('American Gangster');
INSERT INTO `MovieListExperiment` VALUES ('The Dark Knight');
INSERT INTO `MovieListExperiment` VALUES ('Hellboy II: The Golden Army');
INSERT INTO `MovieListExperiment` VALUES ('Trees Lounge');
INSERT INTO `MovieListExperiment` VALUES ('Be Kind Rewind');
INSERT INTO `MovieListExperiment` VALUES ('The X-Files: I Want to Believe');
INSERT INTO `MovieListExperiment` VALUES ('The Savages');
INSERT INTO `MovieListExperiment` VALUES ('Get Smart');
INSERT INTO `MovieListExperiment` VALUES ('There Will Be Blood');
INSERT INTO `MovieListExperiment` VALUES ('Persepolis');
INSERT INTO `MovieListExperiment` VALUES ('Before the Devil Knows You''re Dead');
INSERT INTO `MovieListExperiment` VALUES ('Letters from Iwo Jima');
INSERT INTO `MovieListExperiment` VALUES ('Wanted');
INSERT INTO `MovieListExperiment` VALUES ('Good Night, and Good Luck.');
INSERT INTO `MovieListExperiment` VALUES ('Charlie Wilsons War');
INSERT INTO `MovieListExperiment` VALUES ('Sweeney Todd');
INSERT INTO `MovieListExperiment` VALUES ('The Darjeeling Limited');
INSERT INTO `MovieListExperiment` VALUES ('Juno');
INSERT INTO `MovieListExperiment` VALUES ('Beowulf');
INSERT INTO `MovieListExperiment` VALUES ('Atonement');
INSERT INTO `MovieListExperiment` VALUES ('Iron Man');
INSERT INTO `MovieListExperiment` VALUES ('Indiana Jones and the Kingdom of the Crystal Skull');
INSERT INTO `MovieListExperiment` VALUES ('Death at a Funeral');
INSERT INTO `MovieListExperiment` VALUES ('Trees Lounge');
INSERT INTO `MovieListExperiment` VALUES ('Wanted');
INSERT INTO `MovieListExperiment` VALUES ('Persepolis');
INSERT INTO `MovieListExperiment` VALUES ('You Don''t Mess with the Zohan');
INSERT INTO `MovieListExperiment` VALUES ('Letters from Iwo Jima');
INSERT INTO `MovieListExperiment` VALUES ('The Visitor');
INSERT INTO `MovieListExperiment` VALUES ('Pineapple Express');
INSERT INTO `MovieListExperiment` VALUES ('Who Framed Roger Rabbit ');
INSERT INTO `MovieListExperiment` VALUES ('Hellboy II: The Golden Army');
INSERT INTO `MovieListExperiment` VALUES ('Before the Devil Knows You''re Dead');
INSERT INTO `MovieListExperiment` VALUES ('WALL-E');
INSERT INTO `MovieListExperiment` VALUES ('No Country for Old Men');
INSERT INTO `MovieListExperiment` VALUES ('The Savages');
INSERT INTO `MovieListExperiment` VALUES ('Hellboy II: The Golden Army');
INSERT INTO `MovieListExperiment` VALUES ('The Incredible Hulk');
INSERT INTO `MovieListExperiment` VALUES ('Gone Baby Gone');
INSERT INTO `MovieListExperiment` VALUES ('3:10 to Yuma');
INSERT INTO `MovieListExperiment` VALUES ('Death at a Funeral');
INSERT INTO `MovieListExperiment` VALUES ('Smart People');
INSERT INTO `MovieListExperiment` VALUES ('Letters from Iwo Jima');
INSERT INTO `MovieListExperiment` VALUES ('Wanted');
INSERT INTO `MovieListExperiment` VALUES ('Kung Fu Panda');
INSERT INTO `MovieListExperiment` VALUES ('Juno');
INSERT INTO `MovieListExperiment` VALUES ('Leatherheads');
INSERT INTO `MovieListExperiment` VALUES ('The Visitor');
INSERT INTO `MovieListExperiment` VALUES ('Charlie Wilsons War');
INSERT INTO `MovieListExperiment` VALUES ('Death at a Funeral');
INSERT INTO `MovieListExperiment` VALUES ('Good Night, and Good Luck.');
INSERT INTO `MovieListExperiment` VALUES ('Persepolis');
INSERT INTO `MovieListExperiment` VALUES ('Be Kind Rewind');
INSERT INTO `MovieListExperiment` VALUES ('The Dark Knight');
INSERT INTO `MovieListExperiment` VALUES ('The Chronicles of Narnia: Prince Caspian');
INSERT INTO `MovieListExperiment` VALUES ('Who Framed Roger Rabbit ');
INSERT INTO `MovieListExperiment` VALUES ('Hancock');
INSERT INTO `MovieListExperiment` VALUES ('Body of Lies');
INSERT INTO `MovieListExperiment` VALUES ('WALL-E');
INSERT INTO `MovieListExperiment` VALUES ('How to Lose Friends and Alienate People');
INSERT INTO `MovieListExperiment` VALUES ('The Incredible Hulk');
INSERT INTO `MovieListExperiment` VALUES ('Wanted');
INSERT INTO `MovieListExperiment` VALUES ('3:10 to Yuma');
INSERT INTO `MovieListExperiment` VALUES ('Semi Pro');
INSERT INTO `MovieListExperiment` VALUES ('Cloverfield');
INSERT INTO `MovieListExperiment` VALUES ('Juno');
INSERT INTO `MovieListExperiment` VALUES ('The Kite Runner');
INSERT INTO `MovieListExperiment` VALUES ('Wanted');
INSERT INTO `MovieListExperiment` VALUES ('Into the Wild');
INSERT INTO `MovieListExperiment` VALUES ('Smart People');
INSERT INTO `MovieListExperiment` VALUES ('Hellboy II: The Golden Army');
INSERT INTO `MovieListExperiment` VALUES ('The Incredible Hulk');
INSERT INTO `MovieListExperiment` VALUES ('WALL-E');
INSERT INTO `MovieListExperiment` VALUES ('Sweeney Todd');
INSERT INTO `MovieListExperiment` VALUES ('Righteous Kill');
INSERT INTO `MovieListExperiment` VALUES ('The Dark Knight');
INSERT INTO `MovieListExperiment` VALUES ('Rocky Balboa');
INSERT INTO `MovieListExperiment` VALUES ('Before the Devil Knows You''re Dead');
INSERT INTO `MovieListExperiment` VALUES ('Pineapple Express');
INSERT INTO `MovieListExperiment` VALUES ('I Am Legend');
INSERT INTO `MovieListExperiment` VALUES ('Indiana Jones and the Kingdom of the Crystal Skull');
INSERT INTO `MovieListExperiment` VALUES ('In Bruges');
INSERT INTO `MovieListExperiment` VALUES ('Cloverfield');
INSERT INTO `MovieListExperiment` VALUES ('WALL-E');
INSERT INTO `MovieListExperiment` VALUES ('The Visitor');
INSERT INTO `MovieListExperiment` VALUES ('The Savages');
INSERT INTO `MovieListExperiment` VALUES ('You Don''t Mess with the Zohan');
INSERT INTO `MovieListExperiment` VALUES ('Who Framed Roger Rabbit ');
INSERT INTO `MovieListExperiment` VALUES ('Hellboy II: The Golden Army');
INSERT INTO `MovieListExperiment` VALUES ('Into the Wild');
INSERT INTO `MovieListExperiment` VALUES ('Before the Devil Knows You''re Dead');
INSERT INTO `MovieListExperiment` VALUES ('Michael Clayton');
INSERT INTO `MovieListExperiment` VALUES ('American Gangster');
INSERT INTO `MovieListExperiment` VALUES ('Kung Fu Panda');
INSERT INTO `MovieListExperiment` VALUES ('Michael Clayton');
INSERT INTO `MovieListExperiment` VALUES ('Iron Man');
INSERT INTO `MovieListExperiment` VALUES ('Persepolis');
INSERT INTO `MovieListExperiment` VALUES ('The Savages');
INSERT INTO `MovieListExperiment` VALUES ('The Dark Knight');
INSERT INTO `MovieListExperiment` VALUES ('Before the Devil Knows You''re Dead');
INSERT INTO `MovieListExperiment` VALUES ('The X-Files: I Want to Believe');
INSERT INTO `MovieListExperiment` VALUES ('Rocky Balboa');
INSERT INTO `MovieListExperiment` VALUES ('American Gangster');
INSERT INTO `MovieListExperiment` VALUES ('Juno');
INSERT INTO `MovieListExperiment` VALUES ('WALL-E');
INSERT INTO `MovieListExperiment` VALUES ('Cloverfield');
INSERT INTO `MovieListExperiment` VALUES ('Indiana Jones and the Kingdom of the Crystal Skull');
INSERT INTO `MovieListExperiment` VALUES ('Beowulf');
INSERT INTO `MovieListExperiment` VALUES ('Trees Lounge');
INSERT INTO `MovieListExperiment` VALUES ('Death at a Funeral');
INSERT INTO `MovieListExperiment` VALUES ('Sweeney Todd');
INSERT INTO `MovieListExperiment` VALUES ('Michael Clayton');
INSERT INTO `MovieListExperiment` VALUES ('Rocky Balboa');
INSERT INTO `MovieListExperiment` VALUES ('Who Framed Roger Rabbit ');
INSERT INTO `MovieListExperiment` VALUES ('Trees Lounge');
INSERT INTO `MovieListExperiment` VALUES ('Tropic Thunder');
INSERT INTO `MovieListExperiment` VALUES ('Pineapple Express');
INSERT INTO `MovieListExperiment` VALUES ('The Chronicles of Narnia: Prince Caspian');
INSERT INTO `MovieListExperiment` VALUES ('Step Brothers');
INSERT INTO `MovieListExperiment` VALUES ('Smart People');
INSERT INTO `MovieListExperiment` VALUES ('Juno');
INSERT INTO `MovieListExperiment` VALUES ('Vantage Point');
INSERT INTO `MovieListExperiment` VALUES ('Burn After Reading');
INSERT INTO `MovieListExperiment` VALUES ('Before the Devil Knows You''re Dead');
INSERT INTO `MovieListExperiment` VALUES ('Sweeney Todd');
INSERT INTO `MovieListExperiment` VALUES ('The Chronicles of Narnia: Prince Caspian');
INSERT INTO `MovieListExperiment` VALUES ('Gone Baby Gone');
INSERT INTO `MovieListExperiment` VALUES ('Death at a Funeral');
INSERT INTO `MovieListExperiment` VALUES ('Charlie Wilsons War');
INSERT INTO `MovieListExperiment` VALUES ('The Incredible Hulk');
INSERT INTO `MovieListExperiment` VALUES ('American Gangster');
INSERT INTO `MovieListExperiment` VALUES ('The Savages');
INSERT INTO `MovieListExperiment` VALUES ('Who Framed Roger Rabbit ');
INSERT INTO `MovieListExperiment` VALUES ('The Darjeeling Limited');
INSERT INTO `MovieListExperiment` VALUES ('I Am Legend');
INSERT INTO `MovieListExperiment` VALUES ('Michael Clayton');
INSERT INTO `MovieListExperiment` VALUES ('There Will Be Blood');
INSERT INTO `MovieListExperiment` VALUES ('The Dark Knight');
INSERT INTO `MovieListExperiment` VALUES ('Wanted');
INSERT INTO `MovieListExperiment` VALUES ('Pineapple Express');
INSERT INTO `MovieListExperiment` VALUES ('In Bruges');
INSERT INTO `MovieListExperiment` VALUES ('Tropic Thunder');
INSERT INTO `MovieListExperiment` VALUES ('Smart People');
INSERT INTO `MovieListExperiment` VALUES ('Trees Lounge');
INSERT INTO `MovieListExperiment` VALUES ('Leatherheads');
INSERT INTO `MovieListExperiment` VALUES ('Iron Man');
INSERT INTO `MovieListExperiment` VALUES ('Death at a Funeral');
INSERT INTO `MovieListExperiment` VALUES ('American Gangster');
INSERT INTO `MovieListExperiment` VALUES ('Kung Fu Panda');
INSERT INTO `MovieListExperiment` VALUES ('The Incredible Hulk');
INSERT INTO `MovieListExperiment` VALUES ('Letters from Iwo Jima');
INSERT INTO `MovieListExperiment` VALUES ('3:10 to Yuma');
INSERT INTO `MovieListExperiment` VALUES ('Juno');
INSERT INTO `MovieListExperiment` VALUES ('WALL-E');
INSERT INTO `MovieListExperiment` VALUES ('Vantage Point');
INSERT INTO `MovieListExperiment` VALUES ('WALL-E');
INSERT INTO `MovieListExperiment` VALUES ('Hellboy II: The Golden Army');
INSERT INTO `MovieListExperiment` VALUES ('The Hammer');
INSERT INTO `MovieListExperiment` VALUES ('Pineapple Express');
INSERT INTO `MovieListExperiment` VALUES ('The Chronicles of Narnia: Prince Caspian');
INSERT INTO `MovieListExperiment` VALUES ('Rocky Balboa');
INSERT INTO `MovieListExperiment` VALUES ('No Country for Old Men');
INSERT INTO `MovieListExperiment` VALUES ('Persepolis');
INSERT INTO `MovieListExperiment` VALUES ('There Will Be Blood');
INSERT INTO `MovieListExperiment` VALUES ('The X-Files: I Want to Believe');
INSERT INTO `MovieListExperiment` VALUES ('Gone Baby Gone');
INSERT INTO `MovieListExperiment` VALUES ('The Incredible Hulk');
INSERT INTO `MovieListExperiment` VALUES ('The Savages');
INSERT INTO `MovieListExperiment` VALUES ('Persepolis');
INSERT INTO `MovieListExperiment` VALUES ('American Gangster');
INSERT INTO `MovieListExperiment` VALUES ('Hellboy II: The Golden Army');
INSERT INTO `MovieListExperiment` VALUES ('Body of Lies');
INSERT INTO `MovieListExperiment` VALUES ('Tropic Thunder');
INSERT INTO `MovieListExperiment` VALUES ('The Darjeeling Limited');
INSERT INTO `MovieListExperiment` VALUES ('Beowulf');
INSERT INTO `MovieListExperiment` VALUES ('3:10 to Yuma');
INSERT INTO `MovieListExperiment` VALUES ('You Don''t Mess with the Zohan');
INSERT INTO `MovieListExperiment` VALUES ('The Dark Knight');
INSERT INTO `MovieListExperiment` VALUES ('Juno');
INSERT INTO `MovieListExperiment` VALUES ('Good Night, and Good Luck.');
INSERT INTO `MovieListExperiment` VALUES ('WALL-E');
INSERT INTO `MovieListExperiment` VALUES ('The Dark Knight');
INSERT INTO `MovieListExperiment` VALUES ('3:10 to Yuma');
INSERT INTO `MovieListExperiment` VALUES ('Indiana Jones and the Kingdom of the Crystal Skull');
INSERT INTO `MovieListExperiment` VALUES ('Sweeney Todd');
INSERT INTO `MovieListExperiment` VALUES ('I Am Legend');
INSERT INTO `MovieListExperiment` VALUES ('Juno');
INSERT INTO `MovieListExperiment` VALUES ('Death at a Funeral');
INSERT INTO `MovieListExperiment` VALUES ('Run Fatboy Run');
INSERT INTO `MovieListExperiment` VALUES ('Righteous Kill');
INSERT INTO `MovieListExperiment` VALUES ('Iron Man');
INSERT INTO `MovieListExperiment` VALUES ('The Darjeeling Limited');
INSERT INTO `MovieListExperiment` VALUES ('Eagle Eye');
INSERT INTO `MovieListExperiment` VALUES ('Rambo');
INSERT INTO `MovieListExperiment` VALUES ('Speed Racer');
INSERT INTO `MovieListExperiment` VALUES ('Tropic Thunder');
INSERT INTO `MovieListExperiment` VALUES ('Run Fatboy Run');
INSERT INTO `MovieListExperiment` VALUES ('Gone Baby Gone');
INSERT INTO `MovieListExperiment` VALUES ('WALL-E');
INSERT INTO `MovieListExperiment` VALUES ('Kung Fu Panda');
INSERT INTO `MovieListExperiment` VALUES ('Rocky Balboa');
INSERT INTO `MovieListExperiment` VALUES ('3:10 to Yuma');
INSERT INTO `MovieListExperiment` VALUES ('Leatherheads');
INSERT INTO `MovieListExperiment` VALUES ('Hancock');
INSERT INTO `MovieListExperiment` VALUES ('Who Framed Roger Rabbit ');
INSERT INTO `MovieListExperiment` VALUES ('Pineapple Express');
INSERT INTO `MovieListExperiment` VALUES ('Persepolis');
INSERT INTO `MovieListExperiment` VALUES ('The Chronicles of Narnia: Prince Caspian');
INSERT INTO `MovieListExperiment` VALUES ('The Visitor');
INSERT INTO `MovieListExperiment` VALUES ('Gone Baby Gone');
INSERT INTO `MovieListExperiment` VALUES ('Letters from Iwo Jima');
INSERT INTO `MovieListExperiment` VALUES ('Eagle Eye');
INSERT INTO `MovieListExperiment` VALUES ('3:10 to Yuma');
INSERT INTO `MovieListExperiment` VALUES ('Hellboy II: The Golden Army');
INSERT INTO `MovieListExperiment` VALUES ('I Am Legend');
INSERT INTO `MovieListExperiment` VALUES ('American Gangster');
INSERT INTO `MovieListExperiment` VALUES ('Rambo');
INSERT INTO `MovieListExperiment` VALUES ('The Savages');
INSERT INTO `MovieListExperiment` VALUES ('Sweeney Todd');
INSERT INTO `MovieListExperiment` VALUES ('Good Night, and Good Luck.');
INSERT INTO `MovieListExperiment` VALUES ('Charlie Wilsons War');
INSERT INTO `MovieListExperiment` VALUES ('Kung Fu Panda');
INSERT INTO `MovieListExperiment` VALUES ('Death at a Funeral');
INSERT INTO `MovieListExperiment` VALUES ('Run Fatboy Run');
INSERT INTO `MovieListExperiment` VALUES ('Tropic Thunder');
INSERT INTO `MovieListExperiment` VALUES ('Michael Clayton');
INSERT INTO `MovieListExperiment` VALUES ('Indiana Jones and the Kingdom of the Crystal Skull');
INSERT INTO `MovieListExperiment` VALUES ('How to Lose Friends and Alienate People');
INSERT INTO `MovieListExperiment` VALUES ('Good Night, and Good Luck.');
INSERT INTO `MovieListExperiment` VALUES ('Death at a Funeral');
INSERT INTO `MovieListExperiment` VALUES ('Run Fatboy Run');
INSERT INTO `MovieListExperiment` VALUES ('Sweeney Todd');
INSERT INTO `MovieListExperiment` VALUES ('The Dark Knight');
INSERT INTO `MovieListExperiment` VALUES ('The Darjeeling Limited');
INSERT INTO `MovieListExperiment` VALUES ('Wanted');
INSERT INTO `MovieListExperiment` VALUES ('Rocky Balboa');
INSERT INTO `MovieListExperiment` VALUES ('Persepolis');
INSERT INTO `MovieListExperiment` VALUES ('The Kite Runner');
INSERT INTO `MovieListExperiment` VALUES ('WALL-E');
INSERT INTO `MovieListExperiment` VALUES ('Burn After Reading');
INSERT INTO `MovieListExperiment` VALUES ('Juno');
INSERT INTO `MovieListExperiment` VALUES ('The Incredible Hulk');
INSERT INTO `MovieListExperiment` VALUES ('Charlie Wilsons War');
INSERT INTO `MovieListExperiment` VALUES ('No Country for Old Men');
INSERT INTO `MovieListExperiment` VALUES ('How to Lose Friends and Alienate People');
INSERT INTO `MovieListExperiment` VALUES ('Body of Lies');
INSERT INTO `MovieListExperiment` VALUES ('The Hammer');
INSERT INTO `MovieListExperiment` VALUES ('The Dark Knight');
INSERT INTO `MovieListExperiment` VALUES ('Rocky Balboa');
INSERT INTO `MovieListExperiment` VALUES ('Gone Baby Gone');
INSERT INTO `MovieListExperiment` VALUES ('Good Night, and Good Luck.');
INSERT INTO `MovieListExperiment` VALUES ('Michael Clayton');
INSERT INTO `MovieListExperiment` VALUES ('Wanted');
INSERT INTO `MovieListExperiment` VALUES ('Smart People');
INSERT INTO `MovieListExperiment` VALUES ('The Visitor');
INSERT INTO `MovieListExperiment` VALUES ('Speed Racer');
INSERT INTO `MovieListExperiment` VALUES ('Get Smart');
INSERT INTO `MovieListExperiment` VALUES ('Rocky Balboa');
INSERT INTO `MovieListExperiment` VALUES ('The Darjeeling Limited');
INSERT INTO `MovieListExperiment` VALUES ('In Bruges');
INSERT INTO `MovieListExperiment` VALUES ('Body of Lies');
INSERT INTO `MovieListExperiment` VALUES ('Trees Lounge');
INSERT INTO `MovieListExperiment` VALUES ('Cloverfield');
INSERT INTO `MovieListExperiment` VALUES ('There Will Be Blood');
INSERT INTO `MovieListExperiment` VALUES ('Beowulf');
INSERT INTO `MovieListExperiment` VALUES ('The Savages');
INSERT INTO `MovieListExperiment` VALUES ('Pineapple Express');
INSERT INTO `MovieListExperiment` VALUES ('Wanted');
INSERT INTO `MovieListExperiment` VALUES ('Gone Baby Gone');
INSERT INTO `MovieListExperiment` VALUES ('Indiana Jones and the Kingdom of the Crystal Skull');
INSERT INTO `MovieListExperiment` VALUES ('Wanted');
INSERT INTO `MovieListExperiment` VALUES ('Who Framed Roger Rabbit ');
INSERT INTO `MovieListExperiment` VALUES ('The Hammer');
INSERT INTO `MovieListExperiment` VALUES ('Speed Racer');
INSERT INTO `MovieListExperiment` VALUES ('Tropic Thunder');
INSERT INTO `MovieListExperiment` VALUES ('Be Kind Rewind');
INSERT INTO `MovieListExperiment` VALUES ('The Savages');
INSERT INTO `MovieListExperiment` VALUES ('Hellboy II: The Golden Army');
INSERT INTO `MovieListExperiment` VALUES ('The Happening');
INSERT INTO `MovieListExperiment` VALUES ('Kung Fu Panda');
INSERT INTO `MovieListExperiment` VALUES ('The Chronicles of Narnia: Prince Caspian');
INSERT INTO `MovieListExperiment` VALUES ('Hancock');
INSERT INTO `MovieListExperiment` VALUES ('3:10 to Yuma');
INSERT INTO `MovieListExperiment` VALUES ('Cloverfield');
INSERT INTO `MovieListExperiment` VALUES ('Cloverfield');
INSERT INTO `MovieListExperiment` VALUES ('Atonement');
INSERT INTO `MovieListExperiment` VALUES ('Beowulf');
INSERT INTO `MovieListExperiment` VALUES ('I Am Legend');
INSERT INTO `MovieListExperiment` VALUES ('Get Smart');
INSERT INTO `MovieListExperiment` VALUES ('The Dark Knight');
INSERT INTO `MovieListExperiment` VALUES ('Tropic Thunder');
INSERT INTO `MovieListExperiment` VALUES ('Trees Lounge');
INSERT INTO `MovieListExperiment` VALUES ('Gone Baby Gone');
INSERT INTO `MovieListExperiment` VALUES ('Indiana Jones and the Kingdom of the Crystal Skull');
INSERT INTO `MovieListExperiment` VALUES ('Smart People');
INSERT INTO `MovieListExperiment` VALUES ('The Darjeeling Limited');
INSERT INTO `MovieListExperiment` VALUES ('The Incredible Hulk');
INSERT INTO `MovieListExperiment` VALUES ('WALL-E');
INSERT INTO `MovieListExperiment` VALUES ('There Will Be Blood');
INSERT INTO `MovieListExperiment` VALUES ('American Gangster');
INSERT INTO `MovieListExperiment` VALUES ('Burn After Reading');
INSERT INTO `MovieListExperiment` VALUES ('Hellboy II: The Golden Army');
INSERT INTO `MovieListExperiment` VALUES ('Be Kind Rewind');
INSERT INTO `MovieListExperiment` VALUES ('Sweeney Todd');
INSERT INTO `MovieListExperiment` VALUES ('The Savages');
INSERT INTO `MovieListExperiment` VALUES ('Beowulf');
INSERT INTO `MovieListExperiment` VALUES ('Eagle Eye');
INSERT INTO `MovieListExperiment` VALUES ('The Darjeeling Limited');
INSERT INTO `MovieListExperiment` VALUES ('Body of Lies');
INSERT INTO `MovieListExperiment` VALUES ('Get Smart');
INSERT INTO `MovieListExperiment` VALUES ('Sleuth');
INSERT INTO `MovieListExperiment` VALUES ('Kung Fu Panda');
INSERT INTO `MovieListExperiment` VALUES ('3:10 to Yuma');
INSERT INTO `MovieListExperiment` VALUES ('Good Night, and Good Luck.');
INSERT INTO `MovieListExperiment` VALUES ('Rocky Balboa');
INSERT INTO `MovieListExperiment` VALUES ('Juno');
INSERT INTO `MovieListExperiment` VALUES ('Sweeney Todd');
INSERT INTO `MovieListExperiment` VALUES ('The Chronicles of Narnia: Prince Caspian');
INSERT INTO `MovieListExperiment` VALUES ('The Hammer');
INSERT INTO `MovieListExperiment` VALUES ('Before the Devil Knows You''re Dead');
INSERT INTO `MovieListExperiment` VALUES ('Burn After Reading');
INSERT INTO `MovieListExperiment` VALUES ('The Darjeeling Limited');
INSERT INTO `MovieListExperiment` VALUES ('3:10 to Yuma');
INSERT INTO `MovieListExperiment` VALUES ('Good Night, and Good Luck.');
INSERT INTO `MovieListExperiment` VALUES ('How to Lose Friends and Alienate People');
INSERT INTO `MovieListExperiment` VALUES ('Pineapple Express');
INSERT INTO `MovieListExperiment` VALUES ('There Will Be Blood');
INSERT INTO `MovieListExperiment` VALUES ('No Country for Old Men');
INSERT INTO `MovieListExperiment` VALUES ('Righteous Kill');
INSERT INTO `MovieListExperiment` VALUES ('Atonement');
INSERT INTO `MovieListExperiment` VALUES ('Sleuth');
INSERT INTO `MovieListExperiment` VALUES ('Step Brothers');
INSERT INTO `MovieListExperiment` VALUES ('Beowulf');
INSERT INTO `MovieListExperiment` VALUES ('You Don''t Mess with the Zohan');
INSERT INTO `MovieListExperiment` VALUES ('Gone Baby Gone');
INSERT INTO `MovieListExperiment` VALUES ('Pineapple Express');
INSERT INTO `MovieListExperiment` VALUES ('The Kite Runner');
INSERT INTO `MovieListExperiment` VALUES ('I Am Legend');
INSERT INTO `MovieListExperiment` VALUES ('Be Kind Rewind');
INSERT INTO `MovieListExperiment` VALUES ('Cloverfield');
INSERT INTO `MovieListExperiment` VALUES ('Michael Clayton');
INSERT INTO `MovieListExperiment` VALUES ('Charlie Wilsons War');
INSERT INTO `MovieListExperiment` VALUES ('Persepolis');
INSERT INTO `MovieListExperiment` VALUES ('The Chronicles of Narnia: Prince Caspian');
INSERT INTO `MovieListExperiment` VALUES ('The Chronicles of Narnia: Prince Caspian');
INSERT INTO `MovieListExperiment` VALUES ('Before the Devil Knows You''re Dead');
INSERT INTO `MovieListExperiment` VALUES ('Persepolis');
INSERT INTO `MovieListExperiment` VALUES ('Juno');
INSERT INTO `MovieListExperiment` VALUES ('Beowulf');
INSERT INTO `MovieListExperiment` VALUES ('Gone Baby Gone');
INSERT INTO `MovieListExperiment` VALUES ('WALL-E');
INSERT INTO `MovieListExperiment` VALUES ('Good Night, and Good Luck.');
INSERT INTO `MovieListExperiment` VALUES ('Trees Lounge');
INSERT INTO `MovieListExperiment` VALUES ('Rocky Balboa');
INSERT INTO `MovieListExperiment` VALUES ('The Hammer');
INSERT INTO `MovieListExperiment` VALUES ('Leatherheads');
INSERT INTO `MovieListExperiment` VALUES ('The Savages');
INSERT INTO `MovieListExperiment` VALUES ('American Gangster');
INSERT INTO `MovieListExperiment` VALUES ('No Country for Old Men');
INSERT INTO `MovieListExperiment` VALUES ('How to Lose Friends and Alienate People');
INSERT INTO `MovieListExperiment` VALUES ('The Savages');
INSERT INTO `MovieListExperiment` VALUES ('Burn After Reading');
INSERT INTO `MovieListExperiment` VALUES ('Persepolis');
INSERT INTO `MovieListExperiment` VALUES ('Charlie Wilsons War');
INSERT INTO `MovieListExperiment` VALUES ('I Am Legend');
INSERT INTO `MovieListExperiment` VALUES ('The Darjeeling Limited');
INSERT INTO `MovieListExperiment` VALUES ('No Country for Old Men');
INSERT INTO `MovieListExperiment` VALUES ('Into the Wild');
INSERT INTO `MovieListExperiment` VALUES ('Run Fatboy Run');
INSERT INTO `MovieListExperiment` VALUES ('Michael Clayton');
INSERT INTO `MovieListExperiment` VALUES ('In Bruges');
INSERT INTO `MovieListExperiment` VALUES ('The Incredible Hulk');
INSERT INTO `MovieListExperiment` VALUES ('The Dark Knight');
INSERT INTO `MovieListExperiment` VALUES ('The Chronicles of Narnia: Prince Caspian');
INSERT INTO `MovieListExperiment` VALUES ('The Dark Knight');
INSERT INTO `MovieListExperiment` VALUES ('There Will Be Blood');
INSERT INTO `MovieListExperiment` VALUES ('Death at a Funeral');
INSERT INTO `MovieListExperiment` VALUES ('Run Fatboy Run');
INSERT INTO `MovieListExperiment` VALUES ('Good Night, and Good Luck.');
INSERT INTO `MovieListExperiment` VALUES ('I Am Legend');
INSERT INTO `MovieListExperiment` VALUES ('Body of Lies');
INSERT INTO `MovieListExperiment` VALUES ('The Kite Runner');
INSERT INTO `MovieListExperiment` VALUES ('In Bruges');
INSERT INTO `MovieListExperiment` VALUES ('Sleuth');
INSERT INTO `MovieListExperiment` VALUES ('The X-Files: I Want to Believe');
INSERT INTO `MovieListExperiment` VALUES ('Speed Racer');
INSERT INTO `MovieListExperiment` VALUES ('Hancock');
INSERT INTO `MovieListExperiment` VALUES ('Burn After Reading');
INSERT INTO `MovieListExperiment` VALUES ('Sweeney Todd');
INSERT INTO `MovieListExperiment` VALUES ('Atonement');
INSERT INTO `MovieListExperiment` VALUES ('Step Brothers');
INSERT INTO `MovieListExperiment` VALUES ('The Savages');
INSERT INTO `MovieListExperiment` VALUES ('WALL-E');
INSERT INTO `MovieListExperiment` VALUES ('Good Night, and Good Luck.');
INSERT INTO `MovieListExperiment` VALUES ('The Dark Knight');
INSERT INTO `MovieListExperiment` VALUES ('Sleuth');
INSERT INTO `MovieListExperiment` VALUES ('Tropic Thunder');
INSERT INTO `MovieListExperiment` VALUES ('Indiana Jones and the Kingdom of the Crystal Skull');
INSERT INTO `MovieListExperiment` VALUES ('Iron Man');
INSERT INTO `MovieListExperiment` VALUES ('Righteous Kill');
INSERT INTO `MovieListExperiment` VALUES ('Body of Lies');
INSERT INTO `MovieListExperiment` VALUES ('3:10 to Yuma');
INSERT INTO `MovieListExperiment` VALUES ('Persepolis');
INSERT INTO `MovieListExperiment` VALUES ('Kung Fu Panda');
INSERT INTO `MovieListExperiment` VALUES ('Tropic Thunder');
INSERT INTO `MovieListExperiment` VALUES ('Who Framed Roger Rabbit ');
INSERT INTO `MovieListExperiment` VALUES ('3:10 to Yuma');
INSERT INTO `MovieListExperiment` VALUES ('Rocky Balboa');
INSERT INTO `MovieListExperiment` VALUES ('American Gangster');
INSERT INTO `MovieListExperiment` VALUES ('Juno');
INSERT INTO `MovieListExperiment` VALUES ('Beowulf');
INSERT INTO `MovieListExperiment` VALUES ('Burn After Reading');
INSERT INTO `MovieListExperiment` VALUES ('Semi Pro');
INSERT INTO `MovieListExperiment` VALUES ('The Hammer');
INSERT INTO `MovieListExperiment` VALUES ('The Kite Runner');
INSERT INTO `MovieListExperiment` VALUES ('Indiana Jones and the Kingdom of the Crystal Skull');
INSERT INTO `MovieListExperiment` VALUES ('WALL-E');
INSERT INTO `MovieListExperiment` VALUES ('Gone Baby Gone');
INSERT INTO `MovieListExperiment` VALUES ('The Savages');
INSERT INTO `MovieListExperiment` VALUES ('Trees Lounge');
INSERT INTO `MovieListExperiment` VALUES ('The X-Files: I Want to Believe');
INSERT INTO `MovieListExperiment` VALUES ('Leatherheads');
INSERT INTO `MovieListExperiment` VALUES ('Hellboy II: The Golden Army');
INSERT INTO `MovieListExperiment` VALUES ('The Dark Knight');
INSERT INTO `MovieListExperiment` VALUES ('Wanted');
INSERT INTO `MovieListExperiment` VALUES ('The Chronicles of Narnia: Prince Caspian');
INSERT INTO `MovieListExperiment` VALUES ('Charlie Wilsons War');
INSERT INTO `MovieListExperiment` VALUES ('There Will Be Blood');
INSERT INTO `MovieListExperiment` VALUES ('Iron Man');
INSERT INTO `MovieListExperiment` VALUES ('WALL-E');
INSERT INTO `MovieListExperiment` VALUES ('Eagle Eye');
INSERT INTO `MovieListExperiment` VALUES ('Indiana Jones and the Kingdom of the Crystal Skull');
INSERT INTO `MovieListExperiment` VALUES ('The Savages');
INSERT INTO `MovieListExperiment` VALUES ('Rocky Balboa');
INSERT INTO `MovieListExperiment` VALUES ('3:10 to Yuma');
INSERT INTO `MovieListExperiment` VALUES ('I Am Legend');
INSERT INTO `MovieListExperiment` VALUES ('Smart People');
INSERT INTO `MovieListExperiment` VALUES ('Indiana Jones and the Kingdom of the Crystal Skull');
INSERT INTO `MovieListExperiment` VALUES ('Rocky Balboa');
INSERT INTO `MovieListExperiment` VALUES ('The Dark Knight');
INSERT INTO `MovieListExperiment` VALUES ('Hellboy II: The Golden Army');
INSERT INTO `MovieListExperiment` VALUES ('The Hammer');
INSERT INTO `MovieListExperiment` VALUES ('Be Kind Rewind');
INSERT INTO `MovieListExperiment` VALUES ('Beowulf');
INSERT INTO `MovieListExperiment` VALUES ('Good Night, and Good Luck.');
INSERT INTO `MovieListExperiment` VALUES ('The Incredible Hulk');
INSERT INTO `MovieListExperiment` VALUES ('Into the Wild');
INSERT INTO `MovieListExperiment` VALUES ('Iron Man');
INSERT INTO `MovieListExperiment` VALUES ('Leatherheads');
INSERT INTO `MovieListExperiment` VALUES ('Letters from Iwo Jima');
INSERT INTO `MovieListExperiment` VALUES ('There Will Be Blood');
INSERT INTO `MovieListExperiment` VALUES ('Gone Baby Gone');
INSERT INTO `MovieListExperiment` VALUES ('Good Night, and Good Luck.');
INSERT INTO `MovieListExperiment` VALUES ('Kung Fu Panda');
INSERT INTO `MovieListExperiment` VALUES ('The Kite Runner');
INSERT INTO `MovieListExperiment` VALUES ('The Visitor');
INSERT INTO `MovieListExperiment` VALUES ('Pineapple Express');
INSERT INTO `MovieListExperiment` VALUES ('The Savages');
INSERT INTO `MovieListExperiment` VALUES ('The Dark Knight');
INSERT INTO `MovieListExperiment` VALUES ('Rambo');
INSERT INTO `MovieListExperiment` VALUES ('Tropic Thunder');
INSERT INTO `MovieListExperiment` VALUES ('Leatherheads');
INSERT INTO `MovieListExperiment` VALUES ('Step Brothers');
INSERT INTO `MovieListExperiment` VALUES ('Death at a Funeral');
INSERT INTO `MovieListExperiment` VALUES ('Smart People');
INSERT INTO `MovieListExperiment` VALUES ('Good Night, and Good Luck.');
INSERT INTO `MovieListExperiment` VALUES ('In Bruges');
INSERT INTO `MovieListExperiment` VALUES ('Into the Wild');
INSERT INTO `MovieListExperiment` VALUES ('Vantage Point');
INSERT INTO `MovieListExperiment` VALUES ('Iron Man');
INSERT INTO `MovieListExperiment` VALUES ('The X-Files: I Want to Believe');
INSERT INTO `MovieListExperiment` VALUES ('Rocky Balboa');
INSERT INTO `MovieListExperiment` VALUES ('Indiana Jones and the Kingdom of the Crystal Skull');
INSERT INTO `MovieListExperiment` VALUES ('Cloverfield');
INSERT INTO `MovieListExperiment` VALUES ('Rambo');
INSERT INTO `MovieListExperiment` VALUES ('The Visitor');
INSERT INTO `MovieListExperiment` VALUES ('Juno');
INSERT INTO `MovieListExperiment` VALUES ('The Incredible Hulk');
INSERT INTO `MovieListExperiment` VALUES ('Tropic Thunder');
INSERT INTO `MovieListExperiment` VALUES ('Before the Devil Knows You''re Dead');
INSERT INTO `MovieListExperiment` VALUES ('Iron Man');
INSERT INTO `MovieListExperiment` VALUES ('Trees Lounge');
INSERT INTO `MovieListExperiment` VALUES ('Get Smart');
INSERT INTO `MovieListExperiment` VALUES ('Who Framed Roger Rabbit ');
INSERT INTO `MovieListExperiment` VALUES ('WALL-E');
INSERT INTO `MovieListExperiment` VALUES ('The Savages');
INSERT INTO `MovieListExperiment` VALUES ('You Don''t Mess with the Zohan');
INSERT INTO `MovieListExperiment` VALUES ('Good Night, and Good Luck.');
INSERT INTO `MovieListExperiment` VALUES ('Atonement');
INSERT INTO `MovieListExperiment` VALUES ('Gone Baby Gone');
INSERT INTO `MovieListExperiment` VALUES ('No Country for Old Men');
INSERT INTO `MovieListExperiment` VALUES ('The Kite Runner');
INSERT INTO `MovieListExperiment` VALUES ('In Bruges');
INSERT INTO `MovieListExperiment` VALUES ('Run Fatboy Run');
INSERT INTO `MovieListExperiment` VALUES ('In Bruges');
INSERT INTO `MovieListExperiment` VALUES ('Before the Devil Knows You''re Dead');
INSERT INTO `MovieListExperiment` VALUES ('Hellboy II: The Golden Army');
INSERT INTO `MovieListExperiment` VALUES ('Tropic Thunder');
INSERT INTO `MovieListExperiment` VALUES ('Gone Baby Gone');
INSERT INTO `MovieListExperiment` VALUES ('WALL-E');
INSERT INTO `MovieListExperiment` VALUES ('You Don''t Mess with the Zohan');
INSERT INTO `MovieListExperiment` VALUES ('The Visitor');
INSERT INTO `MovieListExperiment` VALUES ('Righteous Kill');
INSERT INTO `MovieListExperiment` VALUES ('Wanted');
INSERT INTO `MovieListExperiment` VALUES ('Persepolis');
INSERT INTO `MovieListExperiment` VALUES ('Sleuth');
INSERT INTO `MovieListExperiment` VALUES ('Death at a Funeral');
INSERT INTO `MovieListExperiment` VALUES ('Get Smart');
INSERT INTO `MovieListExperiment` VALUES ('I Am Legend');
INSERT INTO `MovieListExperiment` VALUES ('Death at a Funeral');
INSERT INTO `MovieListExperiment` VALUES ('Rocky Balboa');
INSERT INTO `MovieListExperiment` VALUES ('3:10 to Yuma');
INSERT INTO `MovieListExperiment` VALUES ('The Savages');
INSERT INTO `MovieListExperiment` VALUES ('The Darjeeling Limited');
INSERT INTO `MovieListExperiment` VALUES ('Body of Lies');
INSERT INTO `MovieListExperiment` VALUES ('Hancock');
INSERT INTO `MovieListExperiment` VALUES ('Who Framed Roger Rabbit ');
INSERT INTO `MovieListExperiment` VALUES ('Persepolis');
INSERT INTO `MovieListExperiment` VALUES ('Burn After Reading');
INSERT INTO `MovieListExperiment` VALUES ('Rambo');
INSERT INTO `MovieListExperiment` VALUES ('How to Lose Friends and Alienate People');
INSERT INTO `MovieListExperiment` VALUES ('Tropic Thunder');
INSERT INTO `MovieListExperiment` VALUES ('The Dark Knight');
INSERT INTO `MovieListExperiment` VALUES ('WALL-E');
INSERT INTO `MovieListExperiment` VALUES ('The Darjeeling Limited');
INSERT INTO `MovieListExperiment` VALUES ('Before the Devil Knows You''re Dead');
INSERT INTO `MovieListExperiment` VALUES ('Atonement');
INSERT INTO `MovieListExperiment` VALUES ('The Chronicles of Narnia: Prince Caspian');
INSERT INTO `MovieListExperiment` VALUES ('Leatherheads');
INSERT INTO `MovieListExperiment` VALUES ('Good Night, and Good Luck.');
INSERT INTO `MovieListExperiment` VALUES ('WALL-E');
INSERT INTO `MovieListExperiment` VALUES ('Who Framed Roger Rabbit ');
INSERT INTO `MovieListExperiment` VALUES ('Persepolis');
INSERT INTO `MovieListExperiment` VALUES ('The Savages');
INSERT INTO `MovieListExperiment` VALUES ('The Kite Runner');
INSERT INTO `MovieListExperiment` VALUES ('Sleuth');
INSERT INTO `MovieListExperiment` VALUES ('Charlie Wilsons War');
INSERT INTO `MovieListExperiment` VALUES ('Sweeney Todd');
INSERT INTO `MovieListExperiment` VALUES ('Letters from Iwo Jima');
INSERT INTO `MovieListExperiment` VALUES ('Iron Man');
INSERT INTO `MovieListExperiment` VALUES ('Hellboy II: The Golden Army');
INSERT INTO `MovieListExperiment` VALUES ('The Savages');
INSERT INTO `MovieListExperiment` VALUES ('Body of Lies');
INSERT INTO `MovieListExperiment` VALUES ('Before the Devil Knows You''re Dead');
INSERT INTO `MovieListExperiment` VALUES ('Juno');
INSERT INTO `MovieListExperiment` VALUES ('Be Kind Rewind');
INSERT INTO `MovieListExperiment` VALUES ('Good Night, and Good Luck.');
INSERT INTO `MovieListExperiment` VALUES ('There Will Be Blood');
INSERT INTO `MovieListExperiment` VALUES ('Pineapple Express');
INSERT INTO `MovieListExperiment` VALUES ('The Happening');
INSERT INTO `MovieListExperiment` VALUES ('Who Framed Roger Rabbit ');
INSERT INTO `MovieListExperiment` VALUES ('The Chronicles of Narnia: Prince Caspian');
INSERT INTO `MovieListExperiment` VALUES ('Burn After Reading');
INSERT INTO `MovieListExperiment` VALUES ('Beowulf');
INSERT INTO `MovieListExperiment` VALUES ('Persepolis');
INSERT INTO `MovieListExperiment` VALUES ('The Darjeeling Limited');
INSERT INTO `MovieListExperiment` VALUES ('Leatherheads');
INSERT INTO `MovieListExperiment` VALUES ('The Kite Runner');
INSERT INTO `MovieListExperiment` VALUES ('The Chronicles of Narnia: Prince Caspian');
INSERT INTO `MovieListExperiment` VALUES ('Beowulf');
INSERT INTO `MovieListExperiment` VALUES ('Rocky Balboa');
INSERT INTO `MovieListExperiment` VALUES ('The X-Files: I Want to Believe');
INSERT INTO `MovieListExperiment` VALUES ('Burn After Reading');
INSERT INTO `MovieListExperiment` VALUES ('Sleuth');
INSERT INTO `MovieListExperiment` VALUES ('The Visitor');
INSERT INTO `MovieListExperiment` VALUES ('Kung Fu Panda');
INSERT INTO `MovieListExperiment` VALUES ('Sweeney Todd');
INSERT INTO `MovieListExperiment` VALUES ('Good Night, and Good Luck.');
INSERT INTO `MovieListExperiment` VALUES ('Gone Baby Gone');
INSERT INTO `MovieListExperiment` VALUES ('Body of Lies');
INSERT INTO `MovieListExperiment` VALUES ('Beowulf');
INSERT INTO `MovieListExperiment` VALUES ('Vantage Point');
INSERT INTO `MovieListExperiment` VALUES ('The Chronicles of Narnia: Prince Caspian');
INSERT INTO `MovieListExperiment` VALUES ('Speed Racer');
INSERT INTO `MovieListExperiment` VALUES ('Pineapple Express');
INSERT INTO `MovieListExperiment` VALUES ('No Country for Old Men');
INSERT INTO `MovieListExperiment` VALUES ('Good Night, and Good Luck.');
INSERT INTO `MovieListExperiment` VALUES ('Trees Lounge');
INSERT INTO `MovieListExperiment` VALUES ('Sleuth');
INSERT INTO `MovieListExperiment` VALUES ('The Darjeeling Limited');
INSERT INTO `MovieListExperiment` VALUES ('Rocky Balboa');
INSERT INTO `MovieListExperiment` VALUES ('The Kite Runner');
INSERT INTO `MovieListExperiment` VALUES ('The Hammer');
INSERT INTO `MovieListExperiment` VALUES ('Persepolis');
INSERT INTO `MovieListExperiment` VALUES ('Trees Lounge');
INSERT INTO `MovieListExperiment` VALUES ('Body of Lies');
INSERT INTO `MovieListExperiment` VALUES ('Persepolis');
INSERT INTO `MovieListExperiment` VALUES ('Indiana Jones and the Kingdom of the Crystal Skull');
INSERT INTO `MovieListExperiment` VALUES ('Burn After Reading');
INSERT INTO `MovieListExperiment` VALUES ('The Kite Runner');
INSERT INTO `MovieListExperiment` VALUES ('Who Framed Roger Rabbit ');
INSERT INTO `MovieListExperiment` VALUES ('There Will Be Blood');
INSERT INTO `MovieListExperiment` VALUES ('American Gangster');
INSERT INTO `MovieListExperiment` VALUES ('The X-Files: I Want to Believe');
INSERT INTO `MovieListExperiment` VALUES ('I Am Legend');
INSERT INTO `MovieListExperiment` VALUES ('Letters from Iwo Jima');
INSERT INTO `MovieListExperiment` VALUES ('Michael Clayton');
INSERT INTO `MovieListExperiment` VALUES ('The Visitor');
INSERT INTO `MovieListExperiment` VALUES ('Leatherheads');
INSERT INTO `MovieListExperiment` VALUES ('Trees Lounge');
INSERT INTO `MovieListExperiment` VALUES ('Vantage Point');
INSERT INTO `MovieListExperiment` VALUES ('Atonement');
INSERT INTO `MovieListExperiment` VALUES ('Wanted');
INSERT INTO `MovieListExperiment` VALUES ('Indiana Jones and the Kingdom of the Crystal Skull');
INSERT INTO `MovieListExperiment` VALUES ('Sweeney Todd');
INSERT INTO `MovieListExperiment` VALUES ('The Kite Runner');
INSERT INTO `MovieListExperiment` VALUES ('Speed Racer');
INSERT INTO `MovieListExperiment` VALUES ('The Dark Knight');
INSERT INTO `MovieListExperiment` VALUES ('Eagle Eye');
INSERT INTO `MovieListExperiment` VALUES ('Gone Baby Gone');
INSERT INTO `MovieListExperiment` VALUES ('Michael Clayton');
INSERT INTO `MovieListExperiment` VALUES ('Body of Lies');
INSERT INTO `MovieListExperiment` VALUES ('Tropic Thunder');
INSERT INTO `MovieListExperiment` VALUES ('Letters from Iwo Jima');
INSERT INTO `MovieListExperiment` VALUES ('There Will Be Blood');
INSERT INTO `MovieListExperiment` VALUES ('Michael Clayton');
INSERT INTO `MovieListExperiment` VALUES ('The Hammer');
INSERT INTO `MovieListExperiment` VALUES ('American Gangster');
INSERT INTO `MovieListExperiment` VALUES ('Into the Wild');
INSERT INTO `MovieListExperiment` VALUES ('Beowulf');
INSERT INTO `MovieListExperiment` VALUES ('Star Wars: The Clone Wars');
INSERT INTO `MovieListExperiment` VALUES ('Hellboy II: The Golden Army');
INSERT INTO `MovieListExperiment` VALUES ('Sweeney Todd');
INSERT INTO `MovieListExperiment` VALUES ('I Am Legend');
INSERT INTO `MovieListExperiment` VALUES ('Charlie Wilsons War');
INSERT INTO `MovieListExperiment` VALUES ('The Dark Knight');
INSERT INTO `MovieListExperiment` VALUES ('Burn After Reading');
INSERT INTO `MovieListExperiment` VALUES ('3:10 to Yuma');
INSERT INTO `MovieListExperiment` VALUES ('No Country for Old Men');
INSERT INTO `MovieListExperiment` VALUES ('Atonement');
INSERT INTO `MovieListExperiment` VALUES ('Sleuth');
INSERT INTO `MovieListExperiment` VALUES ('Kung Fu Panda');
INSERT INTO `MovieListExperiment` VALUES ('The X-Files: I Want to Believe');
INSERT INTO `MovieListExperiment` VALUES ('The Hammer');
INSERT INTO `MovieListExperiment` VALUES ('Be Kind Rewind');
INSERT INTO `MovieListExperiment` VALUES ('The Kite Runner');
INSERT INTO `MovieListExperiment` VALUES ('Indiana Jones and the Kingdom of the Crystal Skull');
INSERT INTO `MovieListExperiment` VALUES ('Trees Lounge');
INSERT INTO `MovieListExperiment` VALUES ('Into the Wild');
INSERT INTO `MovieListExperiment` VALUES ('Hellboy II: The Golden Army');
INSERT INTO `MovieListExperiment` VALUES ('The Incredible Hulk');
INSERT INTO `MovieListExperiment` VALUES ('Run Fatboy Run');
INSERT INTO `MovieListExperiment` VALUES ('Vantage Point');
INSERT INTO `MovieListExperiment` VALUES ('Speed Racer');
INSERT INTO `MovieListExperiment` VALUES ('Letters from Iwo Jima');
INSERT INTO `MovieListExperiment` VALUES ('Sweeney Todd');
INSERT INTO `MovieListExperiment` VALUES ('Indiana Jones and the Kingdom of the Crystal Skull');
INSERT INTO `MovieListExperiment` VALUES ('Burn After Reading');
INSERT INTO `MovieListExperiment` VALUES ('The Visitor');
INSERT INTO `MovieListExperiment` VALUES ('The Dark Knight');
INSERT INTO `MovieListExperiment` VALUES ('Cloverfield');
INSERT INTO `MovieListExperiment` VALUES ('Good Night, and Good Luck.');
INSERT INTO `MovieListExperiment` VALUES ('Smart People');
INSERT INTO `MovieListExperiment` VALUES ('In Bruges');
INSERT INTO `MovieListExperiment` VALUES ('Eagle Eye');
INSERT INTO `MovieListExperiment` VALUES ('The Darjeeling Limited');
INSERT INTO `MovieListExperiment` VALUES ('The Hammer');
INSERT INTO `MovieListExperiment` VALUES ('Trees Lounge');
INSERT INTO `MovieListExperiment` VALUES ('3:10 to Yuma');
INSERT INTO `MovieListExperiment` VALUES ('Who Framed Roger Rabbit ');
INSERT INTO `MovieListExperiment` VALUES ('Cloverfield');
INSERT INTO `MovieListExperiment` VALUES ('Juno');
INSERT INTO `MovieListExperiment` VALUES ('Atonement');
INSERT INTO `MovieListExperiment` VALUES ('Tropic Thunder');
INSERT INTO `MovieListExperiment` VALUES ('Persepolis');
INSERT INTO `MovieListExperiment` VALUES ('The Incredible Hulk');
INSERT INTO `MovieListExperiment` VALUES ('Get Smart');
INSERT INTO `MovieListExperiment` VALUES ('In Bruges');
INSERT INTO `MovieListExperiment` VALUES ('Letters from Iwo Jima');
INSERT INTO `MovieListExperiment` VALUES ('How to Lose Friends and Alienate People');
INSERT INTO `MovieListExperiment` VALUES ('Body of Lies');
INSERT INTO `MovieListExperiment` VALUES ('Trees Lounge');
INSERT INTO `MovieListExperiment` VALUES ('Gone Baby Gone');
INSERT INTO `MovieListExperiment` VALUES ('Iron Man');
INSERT INTO `MovieListExperiment` VALUES ('There Will Be Blood');
INSERT INTO `MovieListExperiment` VALUES ('Atonement');
INSERT INTO `MovieListExperiment` VALUES ('Body of Lies');
INSERT INTO `MovieListExperiment` VALUES ('Iron Man');
INSERT INTO `MovieListExperiment` VALUES ('Burn After Reading');
INSERT INTO `MovieListExperiment` VALUES ('The Darjeeling Limited');
INSERT INTO `MovieListExperiment` VALUES ('Get Smart');
INSERT INTO `MovieListExperiment` VALUES ('Hancock');
INSERT INTO `MovieListExperiment` VALUES ('Smart People');
INSERT INTO `MovieListExperiment` VALUES ('Good Night, and Good Luck.');
INSERT INTO `MovieListExperiment` VALUES ('You Don''t Mess with the Zohan');
INSERT INTO `MovieListExperiment` VALUES ('Be Kind Rewind');
INSERT INTO `MovieListExperiment` VALUES ('Gone Baby Gone');
INSERT INTO `MovieListExperiment` VALUES ('Wanted');
INSERT INTO `MovieListExperiment` VALUES ('Sweeney Todd');

-- --------------------------------------------------------

-- 
-- Table structure for table `OPTIONAL_CONTEXT`
-- 

CREATE TABLE `OPTIONAL_CONTEXT` (
  `OptionalInfoID` int(11) NOT NULL auto_increment,
  `ContextID` int(11) NOT NULL,
  `Key` varchar(255) collate latin1_german2_ci NOT NULL,
  `Value` varchar(255) collate latin1_german2_ci NOT NULL,
  PRIMARY KEY  (`OptionalInfoID`)
) ENGINE=MyISAM AUTO_INCREMENT=3 DEFAULT CHARSET=latin1 COLLATE=latin1_german2_ci AUTO_INCREMENT=3 ;

-- 
-- Dumping data for table `OPTIONAL_CONTEXT`
-- 

INSERT INTO `OPTIONAL_CONTEXT` VALUES (1, 1, 'Meal', 'Pizza');
INSERT INTO `OPTIONAL_CONTEXT` VALUES (2, 1, 'Chef', 'Greg');

-- --------------------------------------------------------

-- 
-- Table structure for table `RECLINATHON_CONTEXT`
-- 

CREATE TABLE `RECLINATHON_CONTEXT` (
  `ContextID` int(11) NOT NULL auto_increment,
  `TimeStamp` int(11) NOT NULL,
  `EstimatedDuration` int(11) NOT NULL,
  `CaptainID` smallint(6) NOT NULL,
  `RecliningState` tinyint(4) NOT NULL,
  `RecliningStateModifier` tinyint(4) NOT NULL,
  `MovieID` int(11) NOT NULL,
  PRIMARY KEY  (`ContextID`)
) ENGINE=MyISAM AUTO_INCREMENT=4 DEFAULT CHARSET=latin1 COLLATE=latin1_german2_ci AUTO_INCREMENT=4 ;

-- 
-- Dumping data for table `RECLINATHON_CONTEXT`
-- 

INSERT INTO `RECLINATHON_CONTEXT` VALUES (1, 1215244607, 6000, 3, 1, 0, 1);
INSERT INTO `RECLINATHON_CONTEXT` VALUES (2, 1215246000, 10000, 2, 0, 1, 2);
INSERT INTO `RECLINATHON_CONTEXT` VALUES (3, 2147483647, 120, 1, 0, 0, 3);

-- --------------------------------------------------------

-- 
-- Table structure for table `RECLINEE`
-- 

CREATE TABLE `RECLINEE` (
  `ReclineeID` int(11) NOT NULL auto_increment,
  `FormalName` varchar(255) collate latin1_german2_ci NOT NULL,
  `DisplayName` varchar(255) collate latin1_german2_ci NOT NULL,
  `RecliningLevel` tinyint(4) NOT NULL,
  `CommitmentLevel` tinyint(4) NOT NULL,
  `RecliningTime` int(11) NOT NULL,
  `Bio` text collate latin1_german2_ci NOT NULL,
  PRIMARY KEY  (`ReclineeID`)
) ENGINE=MyISAM AUTO_INCREMENT=6 DEFAULT CHARSET=latin1 COLLATE=latin1_german2_ci AUTO_INCREMENT=6 ;

-- 
-- Dumping data for table `RECLINEE`
-- 

INSERT INTO `RECLINEE` VALUES (1, 'Chris Antimary', 'Chris', 0, 0, 0, '');
INSERT INTO `RECLINEE` VALUES (2, 'David Lagattuta', 'Dave', 0, 0, 0, '');
INSERT INTO `RECLINEE` VALUES (3, 'Andrew Lagattuta', 'Andrew', 0, 0, 0, '');
INSERT INTO `RECLINEE` VALUES (4, 'Greg Breisinger', 'Greg', 0, 0, 0, '');
INSERT INTO `RECLINEE` VALUES (5, 'Matt Schmidt', 'Schmidt', 0, 0, 0, '');

-- --------------------------------------------------------

-- 
-- Table structure for table `RECLINEE_LIST`
-- 

CREATE TABLE `RECLINEE_LIST` (
  `ReclineeListID` int(11) NOT NULL auto_increment,
  `ContextID` int(11) NOT NULL,
  `ReclineeID` int(11) NOT NULL,
  PRIMARY KEY  (`ReclineeListID`)
) ENGINE=MyISAM AUTO_INCREMENT=5 DEFAULT CHARSET=latin1 COLLATE=latin1_german2_ci AUTO_INCREMENT=5 ;

-- 
-- Dumping data for table `RECLINEE_LIST`
-- 

INSERT INTO `RECLINEE_LIST` VALUES (1, 1, 1);
INSERT INTO `RECLINEE_LIST` VALUES (2, 1, 2);
INSERT INTO `RECLINEE_LIST` VALUES (3, 1, 3);
INSERT INTO `RECLINEE_LIST` VALUES (4, 1, 4);

-- --------------------------------------------------------

-- 
-- Table structure for table `VOTE`
-- 

CREATE TABLE `VOTE` (
  `VoteID` int(11) NOT NULL auto_increment,
  `ReclineeID` int(11) NOT NULL,
  `MovieID` int(11) NOT NULL,
  PRIMARY KEY  (`VoteID`)
) ENGINE=MyISAM DEFAULT CHARSET=latin1 COLLATE=latin1_german2_ci AUTO_INCREMENT=1 ;

-- 
-- Dumping data for table `VOTE`
-- 

